"lang"	"row_index"	"doc_toxic_gold"	"H_lab"	"IH_lab"	"SE_lab"	"IL_lab"	"SI_lab"	"english_body"	"translated_body"	"label_still_holds"	"which_labels_changed"	"notes"
"spa_Latn"	"5"	"toxic"	"None"	"None"	"Intent"	"None"	"None"	"Classic Adult Film: Valerie Darlyn And Michael Morrison - Fantasyworld (1979). PAGES. Home. Actresses. Actors. Directors. 70's Films. 80's Films. Contact. Friday 2 August 2019. Valerie Darlyn And Michael Morrison - Fantasyworld (1979). at August 02, 2019. Email ThisBlogThis!Share to TwitterShare to FacebookShare to Pinterest. Labels: 1979, actor, actress, american, bob chinn, fantasyworld, jeffrey fairbanks, michael morrison, seventies, valerie darlyn. No comments:. Post a Comment. Newer Post Older Post Home. Subscribe to: Post Comments (Atom). Search. Welcome. Willkommen, bienvenue and welcome to Classic Adult Film! Here we take a look at the stars and films of the seventies and early eighties - The Golden Age of adult film.. Feature Post. Pizza Girls (1978). Rating ✰✰✰✰ Director Bob Chinn Actresses Candida Royalle Christine DeShaffer (Credited: Christine de Shaffer) [Ana.... Popular Po […]"	"El día de la mujer en la película de Disney (19 de junio). El día de la mujer en la película de Disney (19 de junio). El día de la mujer en la película de Disney (19 de junio). El día de la mujer en la película de Disney (19 de junio). El día de la mujer en la película de Disney (19 de junio). El día de la mujer en la película de Disney (19 de junio). El día de la mujer en la película de Disney (19 de junio). El día de la mujer en la película de Disney (19 de junio). El día de la mujer en la película de Disney (19 de junio). El día de la mujer en la película de Disney (19 de junio). El día de la mujer en la película de Disney (19 de junio). El día de la mujer en la película de Disney (19 de junio). El día de la mujer en la película de Disney (19 de junio). El día de la mujer en la película de Disney (19 de junio). El día de la mujer en la película de Disney (19 de junio). El día de la mu […]"	""	""	""
"spa_Latn"	"16"	"toxic"	"None"	"Intent"	"None"	"None"	"None"	"86% of children suffered an adverse reaction in the Pfizer trials - World Freedom Alliance UK. Skip to content. FacebookYouTubeEmail. Membership. Partners. Videos. Newsletter. Contact Us. Donate. Disclaimer. World Site. Search for:. Home. About. Focus Groups. Artists for Freedom. Economic + Business. Education. IT + Media + PR. Law + Human Rights. Living Off-Grid. Health, Medicine & Science. Politics + Activism. Psychology & Mental Health. Spirituality. Resources. Template + Open Letters. Online Technology. List of Doctors. Connect. Awake Businesses. People + Groups. Job Connect. Actions. Events. Petitions. Whistleblowers. Listen. News. World News. Local News. Search for:. 86% of children suffered an adverse reaction in the Pfizer trials. Home » News » 86% of children suffered an adverse reaction in the Pfizer trials. 86% of children suffered an adverse reaction in the Pfizer trials. Sep […]"	"Por favor, no se olvide de utilizar cookies de privacidad y de seguridad que son cookies esenciales para ayudar a los usuarios a recordar y recordar las características de nuestro sitio web. Por favor, no se olvide de utilizar cookies de privacidad y de seguridad que son cookies esenciales para ayudar a los usuarios a recordar y recordar las características de nuestro sitio web. Por favor, no se olvide de utilizar cookies de privacidad y de seguridad que son cookies esenciales para ayudar a los usuarios a recordar y recordar las características de nuestro sitio web. Por favor, no se olvide de utilizar cookies de privacidad y de seguridad que son cookies esenciales para ayudar a los usuarios a recordar y recordar las características de nuestro sitio web. Por favor, no se olvide de utilizar cookies de privacidad y de seguridad que son cookies esenciales para ayudar a los usuarios a recorda […]"	""	""	""
"spa_Latn"	"20"	"toxic"	"None"	"None"	"Intent"	"None"	"None"	"Black Payback | Humiliation Online - Part 2. Home. Facial Abuse. Ghetto Gaggers. Latina Abuse. Black Payback. Video Category: Black Payback. Sort by:. Latest. Viewed. Liked. Comments. Black Payback Served Up White. 9 months ago531 0. Black Payback She Gon Learn. 3 years ago881 0. Black Payback Motor Mouf (STFU). 2 years ago691 0. Black Payback Take The Power. 8 months ago5801 0. Black Payback White Adjacent. 2 years ago671 0. Black Payback Quiet Is Kept. 2 years ago191 0. Black Payback Throated Snow Bunny. 6 months ago351 0. Black Payback Black History Month. 2 years ago1541 0. Black Payback Return Of The Snowbunny. 2 years ago571 0. Black Payback Birfday Bitch. 4 years ago8331 0. ← Previous. 1. 2. 3. 4. Next →. Our Friends. Camilly Links. Camilly Lists. Freak Mob Hardcore. Subscribe to HumiliationOnline.com. Sign up to our mailing list and receive free BTS footage. Email Address. Subscr […]"	"El retorno negro Humillación en línea - Parte 2. Home. Abuso Facial. Ghetto Gaggers. Latina Abuse. Black Payback. Video Categoría: Black Payback. Sort by:. Latest. Viewed. Liked. Comments. Black Payback Servido hasta Blanco. 9 months ago531 0. Black Payback Ella Gon Aprender. 3 years ago881 0. Black Payback Motor Mouf (STFU). 2 years ago691 0. Black Payback Tomar el poder. 8 months ago5801 0. Black Payback Adjacent. 2 years ago671 0. Black Payback Quiet Is Kept. 2 years ago191 0. Black Payback Throated Snow. Gagge. Abuse. Abuse. Abuse. Abuse. Abuse. Abuse. Abuse. Abuse. Abuse. Abuse. Abuse. Abuse. Abuse. Abuse. Abuse. Abuse. Abuse. Abuse. Abuse. Abuse. Abuse. Abuse. Abuse. Abuse. Abuse. Abuse. Abuse. Abuse. Abuse. Abuse. Abuse. Abuse. Abuse"	""	""	""
"spa_Latn"	"28"	"toxic"	"Intent"	"None"	"None"	"None"	"None"	"comb.io - Not All Dogs Go to Heaven. comb.io. Family Guy. S7E11: Not All Dogs Go to Heaven. Views: 1279. This was exhausting. This whole experience was absolutely exhausting. You people have ruined Star Trek: The Next Generation for me. You are absolutely the most insufferable group of jackasses I have ever had the misfortune of spending an extended period of time with. I hope you all fucking die. I still have five prize tickets from the carnival.. Edit Clip Timeline Auto-GIF. Also This. Index. ."	"Comb.io - No todos los perros van al cielo. Comb.io. Family Guy. S7E11: No todos los perros van al cielo. Views: 1279. Esto fue agotador. Toda esta experiencia fue absolutamente agotador. Ustedes han arruinado Star Trek: The Next Generation para mí. Ustedes son absolutamente el grupo más insoportable de idiotas con los que he tenido la desgracia de pasar un período prolongado de tiempo. Espero que todos mueran. Todavía tengo cinco boletos de premio del carnaval. Editar Clipline Timing Auto-GIF. También este. Índice. ."	""	""	""
"spa_Latn"	"38"	"toxic"	"None"	"None"	"Intent"	"None"	"None"	"Hartley get fucked by two young guys - SpankBang Xom. Skip to content. SpankBang Xom. SpanBang Xom daily updated porn videos. Home. Categories. Photos. Tags. HomePornstarsHartley get fucked by two young guys. Close Advertising. Hartley get fucked by two young guys. Like. About. Share. 0 views. 0%. 0 0. From: admin. Date: January 30, 2023. Pornstars fucked guys hartley two young. Related videos. 7 10:00. 0%. Gorgeous Babe Daphne Rosen Fucked From Behind. 5 05:00. 0%. Fan-favorite pornstar Christy Canyon banged hard. 36 07:40. 0%. PAWG Alexis Texas Claps Back with Her Big Ass on BangBros (ap14883). 6 06:00. 0%. Tiny gonzo pornstars ass pounded. 3 08:00. 0%. Brooke Banner Outdoor Workout. 7 01:01:16. 0%. ?Daughter Swap – Big Titted Graduating Sluts Swapping And Swallowing Their Step Fathers Jizz. 12 07:33. 0%. Stepmom and doctor threesome – Brazzers. 8 10:00. 0%. Pornstar Nataly Rosa creamp […]"	"El nombre de usuario de esta cuenta es: 04545454545454545454545454545454545454545454545454545454545454545454545454545454545454545454545454545454545454545454545454545454545454545454545454545454545454545454545454545454545454545454545454545454545454545454545454545454545454545454545454545454545454545454545454545454545454545454545454545454545454545454545454545454545454545454545454545454545454545454545454545454545454545454545454545454545454545454545454545454545454545454545454545454545454545454545454545454545454545454545454545454545"	""	""	""
"spa_Latn"	"42"	"toxic"	"Intent"	"Intent"	"None"	"None"	"None"	"White Ted Nugent on black Obama's speech – My Blog. Skip to content. My Blog. My WordPress Blog. White Ted Nugent on black Obama's speech. Posted bykkkaraoke February 14, 2013 Leave a comment on White Ted Nugent on black Obama's speech. White Ted Nugent, shock rocker, at Obama’s message yesterday. I never have watched a State of Union message, and even though I could get on computer, decided that I don’t even want to listen to Obama even to get angry or watch him. It is not for White women to “Idolize” black or Jew or other men. Yellow Chinese Communist women who don’t even have God have respect and show complete preference for yellow men. They don’t care if they are poor as long as they are “good” and have “character.” Sometimes I wonder which people us or them that are closer to God’s idea of the universe. Here’s from Ted Nugent. He blocked out most of the speech probably, but I give h […]"	"El 14 de febrero de 2012, el Gobierno Blanco de Estados Unidos publicó un mensaje de la Unión, y aunque podía entrar en la computadora, decidió que ni siquiera quería escuchar a Obama ni siquiera para enojarme o verlo. No es para las mujeres blancas idolatrar a los negros o judíos u otros hombres. Publicado por: WEB Publicado por: WEB Publicado por: WEB Publicado por: WEB Publicado por: WEB Publicado por: WEB Publicado por: WEB Publicado por: WEB Publicado por: WEB Publicado por: WEB Publicado por: WEB Publicado por: WEB Publicado por: WEB Publicado por: WEB Publicado por: WEB Publicado por: WEB Publicado por: WEB Publicado por: WEB Publicado por: WEB Publicado por: WEB Publicado por: WEB Publicado por: WEB Publicado por: WEB Publicado por: WEB Publicado por: WEB Publicado por: WEB"	""	""	""
"spa_Latn"	"76"	"toxic"	"Intent"	"None"	"Topical"	"None"	"Topical"	"Fred & Rose West — Discovery — Crime Library. Fred & Rose West. BY Marilyn Bardsley. Tweet. Follow @crimelibrary. Share. Comments. Discovery. February 24, 1994 was the beginning of the end -- the end of the extraordinary things that had been going on in the ordinary three-story house in central Gloucester. But it was also the beginning of a discovery as the layers of secrets hidden at 25 Cromwell Street were slowly peeled away.. That afternoon, the police came to find the owner of the house, Frederick West. Instead, they found his heavy set, sullen wife Rosemary, who called her husband the minute they handed her the warrant. ""You'd better get back home,"" she told Fred when he answered the cellular phone in his van. ""They're going to dig up the garden, looking for Heather."". Heather West. (South West News. Services). The dark-haired, simian-looking man was not worried except that the poli […]"	"Fred & Rose West Discovery Biblioteca del crimen. Fred & Rose West. BY Marilyn Bardsley. Tweet. Follow @crimelibrary. Compartir. Comentarios. Discovery. 24 de febrero de 1994 fue el comienzo del final - el final de las cosas extraordinarias que había estado pasando en la casa de tres pisos en el centro de Gloucester. Cuando Fred & Rose se reunieron con su hija Heather, ella había comenzado a buscar a su hija antes de que ella se fuera de allí. Ella había vuelto a encontrar a su madre. Ella había vuelto a encontrar a su madre. Ella había vuelto a encontrar a su madre. Pero cuando Fred & Heather se reunieron una vez, el 24 de febrero de 1994 fue el comienzo del final de las cosas extraordinarias que habían estado sucediendo en su cabeza. Cuando Fred y Heather se sentaron allí, ella había vuelto a buscar a su madre. Pero el principio de su vida se repitió una vez más. Cuando Fred & Rose se  […]"	""	""	""
"spa_Latn"	"83"	"non-toxic"	"None"	"None"	"Topical"	"None"	"None"	"Durbin Questions Judge Jackson on the Fa... | United States Senate Committee on the Judiciary. Skip to content. About. The Committee. The Chair. The Ranking Member. Membership. Subcommittees. Committee Rules. Clerkships. Committee Activity. Hearings. Oversight. Legislation. Committee Documents. Supreme Court Ethics Reform. Protecting Children Online. Nominations. Executive Nominations. Judicial Nominations. Supreme Court. Confirmed Nominations. Latest News. Majority Press. Minority Press. Press Kit. Website Search Open. Submit Site Search Query. Website Search. Senator Facebook. Senator Twitter. Home Logo Link. Latest News. Majority Press. Published: 03.22.2022. Durbin Questions Judge Jackson on the False, Debunked Claims Made by Senator Hawley. Judge Jackson confirms she imposes strict sentences and additional restraints when dealing with child pornography cases. WASHINGTON – U.S. Senat […]"	"El juez Jackson ha estado hablando de cómo los jueces de este país han hecho que los jueces de los tribunales de justicia de la Corte Suprema de Ética Proteger a los Niños en línea Nombramientos Nombramientos Ejecutivos Nombramientos Judiciales Corte Suprema Nombramientos Confirmados Nombramientos Últimas Noticias Mayoría Prensa Minoría Prensa Kit Búsqueda de sitio web abierto Enviar una consulta de búsqueda de sitio Web Búsqueda de senador Facebook Senador Twitter Inicio Logotipo de enlace Últimas Noticias Mayoría Prensa Publicado: 03.22.2022."	""	""	""
"spa_Latn"	"168"	"toxic"	"Intent"	"Intent"	"None"	"Topical"	"None"	"Yahoo AU Homepage: Hot (2902 ideas) – Yahoo Feedback. Skip to content. Yahoo AU Homepage. ← Yahoo Feedback. At Yahoo AU we are committed to making your daily habits more inspiring and entertaining which is why we have introduced a new Yahoo AU homepage that is slicker, more modern and more intuitive than ever.. The new Yahoo AU homepage is available on your desktop, tablet or smartphone device.. To find out more about the new features check out the video in our blog and let us know what you think on this forum.. The Yahoo product feedback forum now requires a valid Yahoo ID and password to participate.. You are now required to sign-in using your Yahoo email account in order to provide us with feedback and to submit votes and comments to existing ideas. If you do not have a Yahoo ID or the password to your Yahoo ID, please sign-up for a new account.. If you have a valid Yahoo ID and passw […]"	"Por favor, logue en (3o) por favor, salga de esta página por favor, salga de esta página por favor, salga de esta página por favor, salga de esta página por favor, salga de esta página por favor, salga de esta página por favor, salga de esta página por favor, salga de esta página por favor, salga de esta página por favor, salga de esta página por favor, salga de esta página por favor, salga de esta página por favor, salga de esta página por favor, salga de esta página por favor, salga de esta página por favor, salga de esta página por favor, salga de esta página por favor, salga de esta página por favor, salga de esta página por favor, salga de esta página por favor, salga de esta página por favor, salga de esta página por favor, salga de esta página por favor, salga de esta página por favor, salga de esta página por favor, salga de esta página por favor, salga de esta página por favor,  […]"	""	""	""
"spa_Latn"	"176"	"toxic"	"None"	"None"	"Intent"	"None"	"None"	"cuckoldsessions.com Access Point – Free Premium Porn Access and XXX Passwords. Advanced features of this website require that you enable JavaScript in your browser. Thank you!. Free Premium Porn Access and XXX Passwords. Menu. Skip to content. Home. cuckoldsessions.com Access Point. pornaccess • 06/18/2024. How to use from premium access? Just click to link below and follow to members area if you had been redirected, in login form please use one of the login:password below.. www.cuckoldsessions.com/members. nishden:buster. max312:madmax. rollinolan198722:rollin0411. kurt13:wilhelm3. df07114:nissan2. deathdave:avengers. toolio:letmein. 9RQbEq2k:Rye7Pp4. 403805:102890. edoyley:buffowz. We provide the best free xxx passwords online. Feel generous and in the mood for supporting your favorite premium porn access resource. Check out best deal, they offer a $1 trial membership!. Posted in Free  […]"	"Cuckoldsessions.com Access Point Free Premium Porn Access y XXX Passwords. Advanced features of this website require that you enable JavaScript in your browser. Gracias! Free Premium Porn Access y XXX Passwords. Menu. Skip to content. Home. cuckoldsessions.com Access Point. pornaccess • 06/18/2024. Just click to link below and follow to members area if you had been redirected, in login form please use one of the login:password below.. www.cuckoldsessions.com/members.den: nishbuster. max312:mad.max.in198722:in0411.13:m3.fd014:nissan2.dave: panty. too. xxx. porn. cuckold. cuckold. porn. cuckold. access. access. cuckold. access. cuckold. access. cuckold. access. cuckold. access. cuckold. access. cuckold. access. cuckold. access. cuckold. access. cuckold. access. cuckold. access. cuckold. access. cuckold."	""	""	""
"spa_Latn"	"179"	"toxic"	"None"	"None"	"None"	"Intent"	"None"	"has waec gce registration closed. ONLINE CANDIDATES : 84. HOME PAGE. WAEC RUNS. NECO RUNS. NABTEB RUNS. WHATSAPP US. PAYMENT FOR WAEC AND JAMB EXPO HAS STARTED, PAY NOW!!!. CLICK HERE TO CHAT US FOR WAEC EARLY ANSWER TO YOUR WHATSAPP. WAEC / NECO / NABTEB /GCE SUBSCRIPTION PAYMENT EXPO. HOW TO PAY FOR WAEC/ NECO/ NABTEB /GCE ANSWER:. ALL SCIENCE ANSWERS + PRACTICAL COST: N5,500. ALL ART OR COMMERICAIL ANSWERS COST #4,500. WHATSAPP US AND SEND:- EXAM TYPE + MTN-CARD + PHONE NUMBER + SUBJECT TO 09055986588 (ONLY ON WHATSAPP). HOW TO WIN MTN CARD FROM EARLYANSWER. CLICK HERE TO SHARE THIS WEBSITE TO YOUR WHATSAPP FRIENDS / GROUPS AND WIN MTN CARD NOW. Chat Admin After You Share To 20 People On Whatsapp to Redeem The Price. UPDATE: Our Waec, Neco and Nabteb Exam Runs Payment is on, Earlyanswer is 100% Legit (Invite Your Classmates,Friends Here). Answer Page. Verify NECO / WAEC Payment. JOIN  […]"	"La inscripción en línea se cierra antes de que llegue el año 2022, solo puede obtener los resultados de la inscripción automática en cualquier tema que tenga un costo cerrado. ️ ️ ️ ️ ️ ️ ️ ️ ️ ️ ️ ️ ️ ️ ️ ️ ️ ️ ️ ️ ️ ️ ️ ️ ️ ️ ️ ️ ️ ️ ️ ️ ️ ️ ️ ️ ️ ️ ️ ️ ️ ️ ️ ️ ️ ️ ️ ️ ️ ️ ️ ️ ️ ️ ️ ️ ️ ️ ️ ️ ️ ️ ️ ️ ️ ️ ️ ️ ️ ️ ️ ️"	""	""	""
"spa_Latn"	"191"	"non-toxic"	"None"	"None"	"Topical"	"None"	"None"	"German tourist rape: SC upholds conviction of Bitti Mohanty, son of former Odisha DGP. NATION. WORLD. STATES. OPINIONS. CITIES. BUSINESS. SPORT. GOOD NEWS. MOVIES. PHOTOS. VIDEOS. WEB SCRAWL. E-PAPER. NATION. WORLD. STATES. OPINIONS. CITIES. BUSINESS. SPORT. GOOD NEWS. MOVIES. PHOTOS. VIDEOS. WEB SCRAWL. E-PAPER. Nation. German tourist rape: SC upholds conviction of Bitti Mohanty, son of former Odisha DGP. The apex court directed Bitti to surrender before the jail authorities within two months, before June 5.. Supreme Court of India Photo | PTI. Suchitra Kalyan Mohanty. Updated on:. 06 Apr 2024, 5:27 pm. 2 min read. The Supreme Court has upheld the Rajasthan High Court's verdict of a seven-year jail sentence to Bitti Hottra Mohanty, son of Odisha's former DGP Bidya Bhushan Mohanty, for raping a German tourist in Alwar in Rajasthan in 2006.. A two-judge bench of the top court, led by Just […]"	"El gobierno alemán había rechazado su petición de libertad condicional de nuevo por parte de las autoridades judiciales de la Corte Suprema de Alemania el 4 de octubre de 2017 que lo había acusado de haber cometido un delito grave contra el gobierno alemán, pero la Corte Suprema de Justicia de la India lo había rechazado. El juez alemán, Sharma Sharma, dijo que la sentencia de prisión no debería ser aplicada en el plazo de siete meses, pero que la sentencia de la Corte Suprema de Justicia de India se había basado en la sentencia de la Corte Suprema de Justicia de India, que se había basado en la sentencia de la Corte de Justicia de India, que se había basado en la sentencia de la Corte de Justicia de India, que se había basado en la sentencia de la Corte de Justicia de India, que se había basado en la sentencia de la Corte de Justicia de India, que se había basado en la sentencia de la C […]"	""	""	""
"spa_Latn"	"212"	"non-toxic"	"None"	"Topical"	"None"	"None"	"None"	"Aspartame Possibly Carcinogenic to Humans. About. Privacy Policy. Terms Of Use. Contact. Sunday, July 21, 2024. Home. Loksewa. License. Questions. Vacancy. Downloads. Notice. Pharmacy Books. Pharmacy Notes. No Result. View All Result. Home. Loksewa. License. Questions. Vacancy. Downloads. Notice. Pharmacy Books. Pharmacy Notes. No Result. View All Result. No Result. View All Result. Home Notice. Aspartame Possibly Carcinogenic to Humans. Aspartame Possibly Carcinogenic to Humans. by Nabin Bista. July 21, 2023. in Notice, Updates. 0. 227. VIEWS. Share on FacebookShare on Twitter. ADVERTISEMENT. Aspartame Possibly Carcinogenic to Humans. Aspartame is an artificial (chemical) sweetener widely used in various food and beverage products since the 1980s, including diet drinks, chewing gum, gelatin, ice cream, dairy products such as yogurt, breakfast cereal, toothpaste and medications such as c […]"	"La Comisión de Seguridad Alimentaria Internacional (JARC) ha evaluado los datos de los estudios anteriores realizados por el Grupo de Investigación de la Organización Mundial de la Salud (OIE) y el Grupo de Investigación de la Organización de la Salud Internacional (OIE) para la evaluación de la seguridad alimentaria de los alimentos y bebidas (grupo de investigación de la OIE) para la evaluación de la seguridad alimentaria de los alimentos y bebidas (grupo de investigación de la OIE) para la evaluación de la seguridad alimentaria de los alimentos y bebidas (grupo de investigación de la OIE) para la evaluación de la seguridad alimentaria de los alimentos y bebidas) para la alimentación de los alimentos y bebidas (grupo de investigación de la OIE) para la alimentación de los alimentos y bebidas (grupo de investigación de la OIE) para la alimentación de los alimentos y bebidas (grupo de in […]"	""	""	""
"spa_Latn"	"227"	"non-toxic"	"None"	"None"	"None"	"None"	"None"	"One moment, please.... Please wait while your request is being verified.... ."	"Un momento, por favor... por favor espere mientras su solicitud está siendo verificada..."	""	""	""
"spa_Latn"	"250"	"non-toxic"	"None"	"None"	"None"	"None"	"None"	"Olympia Cabinets - Custom Cabinets | Kitchen Cabinets. Skip to content. Call Us Today! 360.400.7469|office@theshowroominteriors.com. Houzz FacebookGoogle My Business PinterestEmail. Search for:. Home. Products. Cabinets. Countertops. Flooring. Tile. Success Stories. Partners. About. Gallery. Kitchen. Bathroom. Flooring. Blog. Contact. Olympia’s Best Home Remodeling Design Center!. Kitchen Cabinets – Bathroom Cabinets & Countertops | Tile & Flooring | Remodel & New Construction. Sales, Design & Installation. Serving Olympia, Lacey, Yelm, WA – Thurston County & Surrounding Areas. showroom slider 1. showroom slider 2. showroom slider 10. showroom slider 3. showroom slider 5. showroom slider 4. showroom slider 6. showroom slider 7. showroom slider 11. showroom slider 8. showroom slider 9. showroom slider 12. showroom slider 14. showroom slider 13. showroom slider 15. showroom slider 16. show […]"	"Los productos de la casa. Productos. armarios. contrafuertes. piso. azulejos. azulejos. azulejos. azulejos. azulejos. azulejos. azulejos. azulejos. azulejos. azulejos. azulejos. azulejos. azulejos. azulejos. azulejos. azulejos. azulejos. azulejos. azulejos. azulejos. azulejos. azulejos. azulejos. azulejos. azulejos. azulejos. azulejos. azulejos. azulejos. azulejos. azulejos. azulejos. azulejos. azulejos. azulejos. azulejos. azulejos. azulejos. azulejos. azulejos. azulejos. azulejos. azulejos. azulejos. azulejos. azulejos. azulejos. azulejos. azulejos. azulejos. azulejos. azulejos. azulejos. azulejos. azulejos. azulejos. azulejos. azulejos. azulejos. azu"	""	""	""
"spa_Latn"	"277"	"non-toxic"	"None"	"None"	"None"	"None"	"None"	"Executive Office - Energy Australia Lighting Project | City of Sydney Archives. Skip to toolbar. Home. Browse All. Search. My History. Login. More. Hoarding Images. Media. Search Tips. Further Resources. Request Copies. Request to remove content. Right of reply. First Nations content. My History. Login. Register. Voting Results. 941706. Open/Close Toolbox. Suggest an edit to this item. Vote. Item. CSA080108. Executive Office -.... Executive Office -.... Executive Office -.... Executive Office -.... Executive Office -.... Executive Office -.... Document Tags. Add. Show tags Show tags. no tags yet. Linked To. Series. Sydney Festival Correspondence Files. Map. Add. no geotags or polygons yet. Recollections. Add. no stories yet. Copyright. Copyright. The work is under current copyright restrictions, and copyright is owned by a third party (not the City of Sydney). It may not be reproduced, c […]"	"El proyecto de iluminación de Australia - Oficina Ejecutiva de la Ciudad de Sydney Archivo. Skip to toolbar. Home. Browse All. Search. My History. Login. More. Hoarding Images. Media. Search Tips. Further Resources. Request Copies. Request to remove content. Right of reply. First Nations content. My History. Login. Register. Voting Results. 941706. Open/Close Toolbox. Suggest an edit to this item. Vote Item. CSA080108. Oficina Ejecutiva de la Ciudad de Sydney Archivo. Skip to toolbar. Home. Browse All. Search. My History. Login. Login. Login. Login. Login. Login. Login. Login. Login. Login. Login. Login. Login. Login. Login. Login. Login. Login. Login. Login. Login. Login. Login. Login. Login. Login. Login. Login. Login. Login. Login. Login. Login. Login. Log"	""	""	""
"spa_Latn"	"318"	"non-toxic"	"None"	"None"	"None"	"None"	"None"	"UP AtoM Server. Skip to main content. Toggle navigation. Browse. Browse. Archival descriptions. Authority records. Archival institutions. Estrutura orgânica. Functions. Subjects. Places. Digital objects. Search. Search options. Global search. Advanced search. Search in browse page. Clipboard Clipboard. Clipboard. Clear all selections. Go to clipboard. Load clipboard. Save clipboard. Language Language. Language. English. Português. Quick links Quick links. Quick links. Help. Log in. Have an account?. Email*This field is required.. Password*This field is required.. Log in. Narrow your results by:. Place. All Praça Almeida Garrett, 1 results1. Print preview Close. Showing 1 results. Archival description. Remove filter: Praça Almeida Garrett Remove filter: With digital objects. Advanced search options. Find results with:. and or not. in. Any field Title Archival history Scope and content Ext […]"	"[Atomado por el servidor UP AtoM. Skip to main content. Toggle navigation. Browse. Browse. Archival descriptions. Autoridad registros. Instituciones de archivo. Estrutura orgânica. Funciones. Subjects. Places. Digital objetos. Buscar. Opciones de búsqueda. Buscar global. Buscar avanzado. Buscar en la página de navegación. Clipboard Clipboard. Clipboard. Clipboard. Clear all selections. Ir a clipboard. Cargar clipboard. Guardar clipboard. Lenguaje Lenguaje Lenguaje. Inglés. Português. Enlaces rápidos Enlaces rápidos. Enlace de ayuda. Enlace de referencia. Enlaces de entrada. Tiene una cuenta. Email. Este campo es necesario. . . . contraseña. Este campo es necesario. . . Enla página de inicio."	""	""	""
"spa_Latn"	"324"	"non-toxic"	"None"	"None"	"None"	"None"	"None"	"11604GW by Leick Furniture Inc - Luna Two Drawer Coffee Table #11604-GW | The Furniture Store of Kansas. Skip disability assistance statement.. Welcome to our website! As we have the ability to list over one million items on our website (our selection changes all of the time), it is not feasible for a company our size to record and playback the descriptions on every item on our website. However, if you have a disability we are here to help you. Please call our disability services phone line at (620) 241-7967 during regular business hours and one of our kind and friendly personal shoppers will help you navigate through our website, help conduct advanced searches, help you choose the item you are looking for with the specifications you are seeking, read you the specifications of any item and consult with you about the products themselves. There is no charge for the help of this personal sh […]"	"Por favor, no regrese a la página de inicio. Por favor, no regrese a la página de inicio. Por favor, no regrese a la página de inicio. Por favor, no regrese a la página de inicio. Por favor, no regrese a la página de inicio. Por favor, no regrese a la página de inicio. Por favor, no regrese a la página de inicio. Por favor, no regrese a la página de inicio. Por favor, no regrese a la página de inicio. Por favor, no regrese a la página de inicio. Por favor, no regrese a la página de inicio. Por favor, no regrese a la página de inicio. Por favor, no regrese a la página de inicio. Por favor, no regrese a la página de inicio. Por favor, no regrese a la página de inicio. Por favor, no regrese a la página de inicio. Por favor, no regrese a la página de inicio. Por favor, no regrese a la página de inicio. Por favor, no regrese a la página de inicio. Por favor, no regrese a la página de inicio.  […]"	""	""	""
"spa_Latn"	"381"	"non-toxic"	"None"	"None"	"None"	"Topical"	"None"	"SOOM.cz - Hacking & ICT security. RSS ze světa hackingu. Critical Zcash Bug Could Have Allowed 'Infinite Counterfeit' Cryptocurrency. The developers behind the privacy-minded Zcash cryptocurrency have recently discovered and patched a highly dangerous vulnerability in the most secretive way that could have allowed an attacker to coin an infinite number of Zcash (ZEC). Yes, infinite… like a never-ending source of money. Launched in October 2016, Zcash is a privacy-oriented cryptocurrency that claims to be more anonymous …. Datum: 6. 2. 2019. How to Delete Accidentally Sent Messages, Photos on Facebook Messenger. Ever sent a message on Facebook Messenger then immediately regretted it, or an embarrassing text to your boss in the heat of the moment at late night, or maybe accidentally sent messages or photos to a wrong group chat? Of course, you have. We have all been through drunk texts and […]"	"¿Cuándo se ha descubierto y parcheado una vulnerabilidad altamente peligrosa de la manera más secreta que podría haber permitido a un atacante acuñar un número infinito de Zcash (ZEC). Sí, infinito... como una fuente de dinero interminable. Lanzado en octubre de 2016, Zcash es una criptomoneda orientada a la privacidad que afirma ser más anónima. ... Datos: Datos: Datos: Datos: Datos: Datos: Datos: Datos: Datos: Datos: Datos: Datos: Datos: Datos: Datos: Datos: Datos: Datos: Datos: Datos: Datos: Datos: Datos: Datos: Datos: Datos: Datos: Datos: Datos: Datos: Datos: Datos: Datos: Datos: Datos: Datos: Datos: Datos: Datos: Datos: Datos: Datos: Datos: Datos: Datos: Datos: Datos: Datos: Datos: Datos: Datos: Datos: Datos: Datos: Datos: Dat"	""	""	""
"spa_Latn"	"391"	"non-toxic"	"None"	"None"	"None"	"None"	"None"	"Patients & Visitors • Nyack Smiles. Schedule An Appointment! 845-358-1728. Our Office. Meet Dr. Wallach. Meet Our Team. Our Technology. Patient Testimonials. Our Services. General Dentistry. Preventative Care. Dental Fillings. Root Canals. Pediatric Dentistry. Periodontal Therapy. Tooth Extractions. Emergency Care. Cosmetic Dentistry. Invisalign. Porcelain Veneers. Teeth Whitening. Restorative Dentistry. Dental Implants. Dental Crowns. Dental Bridges. Dentures & Partials. Dental Concerns. Bleeding Gums. Teeth Grinding. Tooth Cavities. Crooked Teeth. Missing Teeth. Smile Makeover. Patients & Visitors. New Patient Information. Patient Forms. Payment & Insurance. Dental FAQ. Hours & Location. Smile Gallery. Contact. Our Office. Meet Dr. Wallach. Meet Our Team. Our Technology. Patient Testimonials. Our Services. General Dentistry. Preventative Care. Dental Fillings. Root Canals. Pediatric De […]"	"Nuestro equipo de atención odontológica ofrece a nuestros pacientes la atención odontológica más completa que cualquier paciente que necesite. Prevención. Rellenos dentales. Canales de raíz. Cuidados dentales preventivos. Cuidados dentales preventivos. Cuidados dentales preventivos. Cuidados dentales. Cuidados dentales. Cuidados dentales. Cuidados dentales. Cuidados dentales. Cuidados dentales. Cuidados dentales. Cuidados dentales. Cuidados dentales. Cuidados dentales. Cuidados dentales. Cuidados dentales. Cuidados dentales. Cuidados dentales. Cuidados dentales. Cuidados dentales. Cuidados dentales. Cuidados dentales. Cuidados dentales. Cuidados dentales. Cuidados dentales. Cuidados dentales. Cuidados dentales. Cuidados dentales. Cuidados dentales. Cuidados dentales. Cuidados"	""	""	""
"zho_Hans"	"7"	"toxic"	"None"	"None"	"Intent"	"None"	"Intent"	"Approximately What Of Individuals With Aids Report Unintended Weight Loss - Horizonte Europa. Home. About. Departments. services. doctorslist. Contact Us. Approximately What Of Individuals With Aids Report Unintended Weight Loss - Horizonte Europa. hypothyroid medication weight loss. apple cider diet pills chemist warehouse. seizure medicine weight loss. does kratom suppress appetite. have People say that people will go to heaven after death, and more people believe that the approximately what of individuals with aids report unintended weight loss place where people go after death is Shura Purgatory Miss bulimia and ketogenic diet pills never knew where he would go after his death, maybe hell was more suitable for him, his hands were covered with blood. I am not forcing him to give us the money from Mrs. directly We can use it to kidnap she, that is, to kidnap Mr in the name of this kid, […]"	"现在,她已经开始在德国的前面面的身体的表情,她已经开始再次感觉到自己像一个人. 现在她已经开始在他的身体的表情,她已经开始再次感觉到自己像一个人. 她的妻子已经开始再次看到她在家里,她已经开始使用这种药物. 她的妻子已经开始使用它. 她的妻子已经开始使用它. 她的妻子已经开始使用它. 她的妻子已经开始使用它. 她的妻子已经开始使用它. 她的妻子已经开始使用它. 她的妻子已经开始使用它. 她的妻子已经开始使用它. 她的妻子已经开始使用它. 她的妻子已经开始使用它. 她的妻子已经开始使用它. 她的妻子已经开始使用它. 她的妻子已经开始使用它. 她的妻子已经开始使用它. 她的妻子已经开始使用它. 她的妻子已经开始使用它. 她的妻子已经开始使用它. 她的妻子已经开始使用它. 她的妻子已经开始使用它. 她的妻子已经开始使用它. 她的妻子已经开始使用它. 她的妻子已经开始使用它. 她的妻子已经开始"	""	""	""
"zho_Hans"	"17"	"non-toxic"	"Topical"	"None"	"None"	"None"	"None"	"Group of graduates walk out of Harvard commencement chanting 'Free, free Palestine' - MyNorthwest.com. Close. MyNorthwest. Home. News. Sports. KIRO Opinion. KTTH Opinion. Traffic. Weather. Lifestyle. Podcasts. LIVE Radio. KIRO Newsradio 97.3 FM. Seattle Sports. 770 KTTH AM. News. MyNorthwest News. MyNorthwest Weather. MyNorthwest Traffic. MyNorthwest History. MyNorthwest Politics. MyNorthwest Lifestyle. National News. World News. Money. Odd News. Photo Galleries. Sponsored Stories. Opinion. Seattle's Morning News. Dave Ross. Gee and Ursula. Jack and Spike. John and Jake. Jason Rantz. MyNorthwest Blog. Sports. Sports. Seahawks. Mariners. Kraken. UW Huskies. Brock and Salk. Bump and Stacy. Wyman and Bob. Tools. Search the Site. Earthquake Tracker. School Closings. Share Photos With Us. Advertise With Us. Employment. Contest Rules. Connect. Contact Us. Newsletters. Contests and Events. Comm […]"	"在哈佛大学校园里,她在周四的讲座中提到,在校园里,500名学生在抗议活动中走出了他们的校园,甚至在校园里走出了他们的书面请愿书. 在校园里,500名学生在抗议活动中走出了他们的书面请愿书. 在校园里,她在校园里走出了他们的书面请愿书. 在校园里,她在校园里走出了他们的书面请愿书. 在校园里,她在校园里走出了他们的书面请愿书. 在校园里,她在校园里走出了他们的书面请愿书. 在校园里,她在校园里走出了他们的书面请愿书. 在校园里,她在校园里走出了他们的书面请愿书. 在校园里,她在校园里走出了他们的书面请愿书. 在校园里,她在校园里走出了他们的书面请愿书."	""	""	""
"zho_Hans"	"20"	"toxic"	"None"	"None"	"Intent"	"None"	"None"	"Black Payback | Humiliation Online - Part 2. Home. Facial Abuse. Ghetto Gaggers. Latina Abuse. Black Payback. Video Category: Black Payback. Sort by:. Latest. Viewed. Liked. Comments. Black Payback Served Up White. 9 months ago531 0. Black Payback She Gon Learn. 3 years ago881 0. Black Payback Motor Mouf (STFU). 2 years ago691 0. Black Payback Take The Power. 8 months ago5801 0. Black Payback White Adjacent. 2 years ago671 0. Black Payback Quiet Is Kept. 2 years ago191 0. Black Payback Throated Snow Bunny. 6 months ago351 0. Black Payback Black History Month. 2 years ago1541 0. Black Payback Return Of The Snowbunny. 2 years ago571 0. Black Payback Birfday Bitch. 4 years ago8331 0. ← Previous. 1. 2. 3. 4. Next →. Our Friends. Camilly Links. Camilly Lists. Freak Mob Hardcore. Subscribe to HumiliationOnline.com. Sign up to our mailing list and receive free BTS footage. Email Address. Subscr […]"	"黑色的回报 羞辱在线 - 第2部分. 家庭. 面部虐待. 隔离区嘴. 拉丁裔虐待. 黑色的回报. 视频类别: 黑色的回报. 排序: 最新. 观看. 喜欢. 评论. 黑色的回报 服务白色. 9个月前531 0. 黑色的回报 她会学习. 3年前881 0. 黑色的回报 摩托车 (STFU). 2年前691 0. 黑色的回报 权力. 8个月前5801 0. 黑色的回报 白色的邻居. 2年前671 0. 黑色的回报 静静的隐藏. 2年前191 0. 黑色的回报 嘴. 雪人. 黑色的回报 黑色的回报 黑色的回报 拉丁裔虐待. 黑色的回报 脸部虐待. 拉丁裔虐待. 黑色的回报 脸部虐待. 黑色的"	""	""	""
"zho_Hans"	"34"	"non-toxic"	"Topical"	"None"	"None"	"None"	"None"	"Today, I ran straight into a moving trailer.... VGMaps. Welcome, Guest. Please login or register.. 1 Hour 1 Day 1 Week 1 Month Forever. Login with username, password and session length. Home. Help. Search. Login. Register. VGMaps ». Main Boards ». VGMaps Social Board ». Topic: Today, I ran straight into a moving trailer.... « previous next ». Print. Pages: [1] Go Down. Author Topic: Today, I ran straight into a moving trailer... (Read 12527 times). 0 Members and 1 Guest are viewing this topic.. TerraEsperZ. Hero Member. Posts: 2321. Today, I ran straight into a moving trailer.... « on: December 12, 2006, 09:27:52 pm ». Alright, first let's set the scene:. Right after work, I had trouble crossing a street just in front of where I work. It was dark, and cars kept coming in from both direction. At one point, it looked like the way would be clear for a few seconds so I headed toward the othe […]"	"今天,我直接跑进一个移动的拖车.... VGMaps. 欢迎, 客人. 请登录或注册. 1 小时 1 天 1 周 1 个月 永远. 登录用户名,密码和会话长度. 家庭. 帮助. 搜索. 登录. 注册. VGMaps. 主板. VGMaps. 社交板. . 主题: 今天,我直接跑进一个移动的拖车.... 前的下面的下面的下面的下面的下面的下面的下面的下面的下面的下面的下面的下面的下面的下面的下面的下面的下面的下面的下面的下面的下面的下面的下面的下面的下面的下面的下面的下面的下面的下面的下面的下面的下面的下面的下面的下面的下面的下面的下面的下面的下面的下面的下面的下面的下面的下面的下"	""	""	""
"zho_Hans"	"62"	"non-toxic"	"None"	"Topical"	"None"	"None"	"None"	"The Problem With ‘Self-Investigation’ in a Post-Truth Era – Aboard The Democracy Train. Skip to content. Aboard The Democracy Train. By Nafisa Hoodbhoy. Menu. Home. About the Author. About the Book. JB Case Updates. Topics. 9/11. Civil Society. Excerpts. Foreign Affairs. Indo-Pak Relations. Labor. Pakistan Politics. Religion. Women. Terrorism. Contact. Posted on January 2, 2017 January 2, 2017 by Nafisa Hoodbhoy. The Problem With ‘Self-Investigation’ in a Post-Truth Era. No one would argue that Edgar Welch, the 28-year-old North Carolina man who loaded his car with weapons in early December and drove 350 miles to liberate the children he believed were being held in the basement of a Washington pizzeria, was a model citizen or even necessarily sane. But after a tragedy had been averted and he was in police custody, Welch transformed himself into something of an unlikely sage, stumbling on […]"	"美国总统弗拉克·福尔特说,他认为,美国的新闻中心和美国的独立媒体的调查是对他进行的,他认为,这是一个不太可能的,他认为,这是一个不太可能的,他认为,这是一个不太可能的,他认为,这是一个不太可能的,他认为,这是一个不太可能的,他认为,这是一个不太可能的,他认为,这是一个不太可能的,他认为,这是一个不太可能的,他认为,这是一个不太可能的,他认为,这是一个不太可能的,他认为,这是一个不太可能的,他认为,这是一个不太可能的,他认为,这是一个不太可能的,他认为,这是一个不太可能的,他认为,这是一个不太可能的,他认为,这是一个不太可能的,他认为,这是一个不太可能的,他认为,这是一个不太可能的,他认为,这是一个不太可能的,他认为,这是一个不太可能的,他认为,这是一个不太可能的,他认为,这是一个不太可能的,他认为,"	""	""	""
"zho_Hans"	"68"	"toxic"	"Intent"	"Intent"	"None"	"None"	"None"	"Montreal Simon: Donald Trump And the Debate From Hell. Wednesday, September 30, 2020. Donald Trump And the Debate From Hell. I don't know how I managed to watch the whole debate. I had a splitting headache when it was over.. But at least just seconds after it did finally end, CNN's Jake Tapper made me feel like I wasn't alone.. “That was a hot mess, inside a dumpster fire, inside a train wreck. That was the worst debate I have ever seen. It wasn’t even a debate. It was a disgrace.”. For it was monstrous.. And The Beast has rarely looked so beastly.. He trampled on the debate's decorum.. The first presidential debate between President Trump and Joseph R. Biden Jr. unraveled into an ugly melee Tuesday, as Mr. Trump hectored and interrupted Mr. Biden nearly every time he spoke and the former vice president denounced the president as a “clown” and told him to “shut up.”. He acted like a disg […]"	"果新闻在果新闻之前已经有了一些令人困惑的评论,包括为什么总统乔布斯·克里斯·乔布斯·克里斯·乔布斯·乔布斯·克里斯·乔布斯·乔布斯·乔布斯·乔布斯·乔布斯·乔布斯·乔布斯·乔布斯·乔布斯·乔布斯·乔布斯·乔布斯·乔布斯·乔布斯·乔布斯·乔布斯·乔布斯·乔布斯·乔布斯·乔布斯·乔布斯·乔布斯·乔布斯·乔布斯·乔布斯·乔布斯·乔布斯·乔布斯·乔布斯·乔布斯·乔布斯·乔布斯·乔布斯·乔布斯·乔布斯·乔布斯·乔布斯·乔布斯·乔布斯·乔布斯·乔布斯·乔布斯·乔布斯·乔布斯·乔布斯·乔布斯·乔布斯·乔布斯·乔布斯·乔布斯·乔布斯·"	""	""	""
"zho_Hans"	"74"	"non-toxic"	"Topical"	"Topical"	"None"	"None"	"None"	"Undivided and Just Love: two books on self-acceptance. Sign InSubscribeView Basket. Sign InSubscribeView Basket. *** DEBUG START ***. *** DEBUG END ***. Wednesday 17 July 2024. Home. UK. World. Comment. Opinion. Leader comment. Columnists. Letters to the editor. Features. Features. Interviews. Faith. Sunday’s readings. Faith features. Books & Arts. Book reviews. New titles. Book club. Visual arts. Music. Performing arts. Film. TV. Radio. Week ahead. Regulars. Gazette. Cartoons. Caption competition. Crossword. Out of the question. Diary. 100 years ago. Quotes. Holidays. Links. Audio & Video. Podcast. Video. Archive. Jobs. Events. Home. UK. World. Comment. Opinion. Leader comment. Columnists. Letters to the editor. Features. Features. Interviews. Faith. Sunday’s readings. Faith features. Books & Arts. Book reviews. New titles. Book club. Visual arts. Music. Performing arts. Film. TV. Radio […]"	"现在,在15岁的年轻人之间,她在教会的每一个地方都在努力学习如何使自己变得更有价值. 杰伊·凯瑟琳·卡普森·奥斯·奥斯·奥斯·奥斯·奥斯·奥斯·奥斯·奥斯·奥斯·奥斯·奥斯·奥斯·奥斯·奥斯·奥斯·奥斯·奥斯·奥斯·奥斯·奥斯·奥斯·奥斯·奥斯·奥斯·奥斯·奥斯·奥斯·奥斯·奥斯·奥斯·奥斯·奥斯·奥斯·奥斯·奥斯·奥斯·奥斯·奥斯·奥斯·奥斯·奥斯·奥斯·奥斯·奥斯·奥斯·奥斯·奥斯·奥斯·奥斯·奥斯·奥斯·奥斯·奥斯"	""	""	""
"zho_Hans"	"75"	"toxic"	"None"	"None"	"None"	"Intent"	"Intent"	"How Do Starburst Free Spins Bonuses Work At Online Casinos | Buy Weed Online UK. {{{ data.variation.price_html }}}. {{{ data.variation.availability_html }}}. Skip to content. Home. Shop. Mail Order Cannabis UK. EDIBLE. Hybrid Weed UK. INDICA. VAPE PRODUCTS. CBD Oils UK. BUY DELTA-8. DELTA 8 THC GUMMIES. Magic Mushrooms. HOW TO PAY. How To Pay VIA Amazon Gift card. Pay VIA Bitcoin. PAY VIA MONEYGRAM. Verified Reviews. 0. Toggle website search. 0 Menu Close. Buy Weed Online UK. Shop. Mail Order Cannabis UK. CBD Oils UK. EDIBLE. Hybrid Weed UK. VAPE PRODUCTS. Verified Reviews. HOW TO PAY. How To Pay VIA Amazon Gift card. Pay VIA Bitcoin. PAY VIA MONEYGRAM. How Do Starburst Free Spins Bonuses Work At Online Casinos. Post author:. Post published:July 25, 2023. Post category:Uncategorized. Starburst casino tournament. Joining the fun here could not be easier, Justin Fields is getting more comf […]"	"如何在线场工作 如何在线场工作 如何在线场工作 如何在线场工作 如何在线场工作 如何在线场工作 如何在线场工作 如何在线场工作 如何在线场工作 如何在线场工作 如何在线场工作 如何在线场工作 如何在线场工作 如何在线场工作 如何在线场工作 如何在线场工作 如何在线场工作 如何在线场工作 如何在线场工作 如何在线场工作 如何在线场工作 如何在线场工作 如何在线场工作 如何在线场工作 如何在线场工作 如何在线场工作 如何在线场工作 如何在线场工作 如何在线场工作 如何在线场工作 如何在线场工作 如何在线场工作 如何在线场工作 如何在线场工作 如何在线场工作 如何在线场工作 如何在"	""	""	""
"zho_Hans"	"108"	"non-toxic"	"None"	"None"	"None"	"Topical"	"None"	"4419. Misbranding of "" Rawleigh's Golden Cough Syrup "" and "" Rawleigh's Ru-Mex-Ol."" U. S. v. The W. T. Rawleigh Medical Co., a corporation. Plea of guilty. Fine, $100 and costs. - FDA Notices of Judgment Collection, 1908-1966. Search in. All Fields Title Defendant Product Issue Date search for. Search Search. About. Help. Web Service. 4419. Misbranding of "" Rawleigh's Golden Cough Syrup "" and "" Rawleigh's Ru-Mex-Ol."" U. S. v. The W. T. Rawleigh Medical Co., a corporation. Plea of guilty. Fine, $100 and costs.. Case Number:. 4419. Collection:. Foods and Drugs, 1908-1943. Evidence Numbers:. F. & D. No. 6262. I. S. Nos. 10408-e, 10416-e.. Date Issued:. October 16, 1916. Seizure Dates:. September 20, 1912. Product Keywords:. ""Rawleigh's Golden Cough Syrup "" and "" Rawleigh's Ru-Mex-Ol"". Defendant Names:. W. T. Rawleigh Medical Co., a corporation, Freeport, Ill.. Court Jurisdiction:. Northern  […]"	"美国诉劳利医疗公司. 认罪. 罚款,100美元和费用. - FDA 判决通知收集,1908-1966. 搜索所有字段标题被告产品发行日期搜索. 搜索关键字搜索. 关于帮助. 网络服务. 4419. 美国诉劳利医疗公司. 认罪,罚款和费用.. $100: 4419. 食品和药物,1908-1943. 认罪. 罚款,100美元和费用. - FDA 判决通知收集,1908-1966. 搜索所有字段标题被告产品发行日期搜索. 搜索关键字搜索. 关于帮助. 网络服务. 4419. 劳利医疗公司. 认罪,罚款和费用.. $100: 4419. 食品和药物,1908-1943. 认罪. 罚款,100美元和费用. - FDA 判决通知,100美元和费用. - FDA 判决收集,1908-1966. 搜索所有字段标题被告产品发行日期搜索."	""	""	""
"zho_Hans"	"120"	"toxic"	"None"	"None"	"None"	"Intent"	"None"	"The Truth About a Fake DNA Test | Fake a baby – FakeaBaby.com. Skip to content. Submit. Close search. Home. Categories. expand. collapse. Categories. 2D Fake Sonograms & 2D Fake Ultrasounds $5.99!. 3D Fake Ultrasounds and 3D Fake Sonograms $14.99!. New Ultra Fake Ultrasound Designs. Fake Sonogram Videos. Fake Pregnancy Documents. Fake Pregnancy & Fake DNA Tests. Fake Pregnancy Bellies. Fees. Blogs. Customer Service. Deals & Coupons. APRIL FOOLS! ALL FAKE ULTRASOUNDS $9.99 AND EVERY ORDER GETS FREE SHIPPING WITH TRACKING!!!. Home. Categories expand. 2D Fake Sonograms & 2D Fake Ultrasounds $5.99!. 3D Fake Ultrasounds and 3D Fake Sonograms $14.99!. New Ultra Fake Ultrasound Designs. Fake Sonogram Videos. Fake Pregnancy Documents. Fake Pregnancy & Fake DNA Tests. Fake Pregnancy Bellies. Fees. Blogs. Customer Service. Deals & Coupons. Submit. Search. Log in Cart Cart. expand/collapse. Now is  […]"	"假的DNA测试的真相 假的婴儿 假的婴儿 假的婴儿.com. 跳到内容. 提交. 密切搜索. 家庭. 分类. 扩展. 崩. 分类. 现在你会发现,这通常是一个非常简单的诊断结果,因为你通常会把这些假的婴儿测试结果从医疗实验室里得到的结果变成一个非常简单的假的...... 假的婴儿测试结果实际上是假的...... 假的婴儿测试结果通常是假的,因为你认为每个人从事的医疗实验室里得到的结果是假的...... 假的婴儿测试结果实际上是假的婴儿测试结果. 假的婴儿测试结果通常是假的婴儿测试结果. 假的婴儿测试结果通常是假的婴儿测试结果. 假的婴儿测试结果通常是假的婴儿测试结果. 假的婴儿测试结果通常是假的婴儿测试结果. 假的婴儿测试结果"	""	""	""
"zho_Hans"	"140"	"toxic"	"None"	"None"	"Intent"	"Intent"	"None"	"NHN Bugs Movie Series Download Free- FreeDriveMovie.com. Genre. Movies. TVShows. Bangla. 18+ Adult. Bollywood. South Indian. 4K Collection. HDCAM-Hallprint. Genre List. Ongoing Series. Trending. Action. Animation. Crime. Comedy. Drama. Documentary. Fantasy. Family. Horror. History. K-Drama. Music. Mystery. Romance. Sci-Fic. SuperHero. Slasher. Thriller. War. How to Download?. FB Page. New Telegram. Genre. Movies. TVShows. Bangla. 18+ Adult. Bollywood. South Indian. 4K Collection. HDCAM-Hallprint. Genre List. Ongoing Series. Trending. Action. Animation. Crime. Comedy. Drama. Documentary. Fantasy. Family. Horror. History. K-Drama. Music. Mystery. Romance. Sci-Fic. SuperHero. Slasher. Thriller. War. How to Download?. FB Page. New Telegram. Login to your account. Remember Me. Register a new account Lost your password?. NHN Bugs. Recently added. 8.4. Soundtrack #1. Mar. 23, 2022. Soundtrack # […]"	"电影 剧情 动作 动画 犯罪 喜剧 戏剧 纪录片 幻想 家庭 恐怖 历史 戏剧 音乐 神秘 情感 科幻 超级英雄 绝地求生 惊 战争 如何 下载 FB 页面 电信 新 电影 电视 节目 孟加拉国 电视 剧 孟加拉国 电影 18+ 成人 博莱德 印度 南方 4K 收藏 电影 电影 韩国 电影 电影 电影 电影 电影 电影 电影 电影 电影 电影 电影 电影 电影 电影 电影 电影 电影 电影 电影 电影 电影 电影 电影 电影 电影 电影 电影 电影 电影 电影 电影 电影 电影 电影 电影 电影 电影 电影 电影 电影 电影 电影 电影 电影 电影 电影 电影 电影 电影 电影 电影 电影 电影 电影 电影 电影 电影 电影 电影 电影 电影 电影 电影 电影 电影 电影 电影 电影 电影"	""	""	""
"zho_Hans"	"148"	"toxic"	"Intent"	"Intent"	"None"	"None"	"None"	"'Why I’m Terrified – and Why You Should be Terrified Too' - 21st Century Wire. Support 21WIRE >. Support Us Here. Join Our Winter Fundraising Drive. Become a Member at 21WIRE.TV. Get Your Copy of New Dawn Magazine. Jaw-Dropping VPN Deals with Surfshark. Natural Health Supplements with Clive de Carle. Download Brave Browser. Support Us via Crypto. Join Our Telegram Community. Shop 21Wire. Subscribe to Email. About 21WIRE >. 21WIRE Team. Contact Us. Privacy & Cookies. TV & Radio >. 21WIRE LIVE. 21WIRE.TV. Alternate Current Radio. Extra Time. iHeartRadio. iTunes. Libsyn. Odysee. Patrick Henningsen Show. Podomatic. Rumble. SoundCloud. Spotify. Spreaker. Stitcher. Sunday Wire LIVE. TNT Radio LIVE. Sunday Wire LIVE. Subscribe to Email. DONATE HERE. News for the Waking Generation. International. Bioweapons. Bolivia. Coronavirus/COVID-19. Fukushima. MH17. Myanmar. North Korea. OPCW. Palestine. S […]"	"美国的经济增长率现在比英国的经济增长率要高,因为它还能让英国的经济增长率高出10%. 美国的经济增长率还能让英国的经济增长率高出10%. 美国的经济增长率还能让英国的经济增长率高出10%. 美国的经济增长率还能让英国的经济增长率高出10%. 美国的经济增长率还能让英国的经济增长率高出10%. 美国的经济增长率还能让英国的经济增长率高出10%. 美国的经济增长率还能让英国的经济增长率高出10%. 美国的经济增长率还能让英国的经济增长率高出10%. 美国的经济增长率还能让英国的经济增长率高出10%. 美国的经济增长率还能让英国的经济增长率高出10%. 美国的经济增长率还能让英国的经济增长率高出10%. 美国的经济增长率还能让英国的经济增长率高出10%. 美国"	""	""	""
"zho_Hans"	"179"	"toxic"	"None"	"None"	"None"	"Intent"	"None"	"has waec gce registration closed. ONLINE CANDIDATES : 84. HOME PAGE. WAEC RUNS. NECO RUNS. NABTEB RUNS. WHATSAPP US. PAYMENT FOR WAEC AND JAMB EXPO HAS STARTED, PAY NOW!!!. CLICK HERE TO CHAT US FOR WAEC EARLY ANSWER TO YOUR WHATSAPP. WAEC / NECO / NABTEB /GCE SUBSCRIPTION PAYMENT EXPO. HOW TO PAY FOR WAEC/ NECO/ NABTEB /GCE ANSWER:. ALL SCIENCE ANSWERS + PRACTICAL COST: N5,500. ALL ART OR COMMERICAIL ANSWERS COST #4,500. WHATSAPP US AND SEND:- EXAM TYPE + MTN-CARD + PHONE NUMBER + SUBJECT TO 09055986588 (ONLY ON WHATSAPP). HOW TO WIN MTN CARD FROM EARLYANSWER. CLICK HERE TO SHARE THIS WEBSITE TO YOUR WHATSAPP FRIENDS / GROUPS AND WIN MTN CARD NOW. Chat Admin After You Share To 20 People On Whatsapp to Redeem The Price. UPDATE: Our Waec, Neco and Nabteb Exam Runs Payment is on, Earlyanswer is 100% Legit (Invite Your Classmates,Friends Here). Answer Page. Verify NECO / WAEC Payment. JOIN  […]"	"您必须在2022年之前注册,因为您的注册费用在CHEEC. WAEC. WAEC. WAEC. WAEC. WAEC. WAEC. WAEC. WAEC. WAEC. WAEC. WAEC. WAEC. WAEC. WAEC. WAEC. WAEC. WAEC. WAEC. WAEC. WAEC. WAEC. WAEC. WAEC. WAEC. WAEC. WAEC. WAEC. WAEC. WAEC. WAEC. WAEC. WAEC. WAEC. WAEC. WAEC. WAEC. WAEC. WAEC. WAEC. WAEC. WAEC. WAEC. WAEC. WAEC. WAEC. WAEC. WAEC. WAEC. WAEC. WAEC. WAEC. WAEC. WAEC. WAEC. WAEC. WAEC. WAEC. WAEC. WAEC. WAEC. WAEC. WAEC. WAEC. WAEC. WAEC. WAEC. WAEC. WAEC. WAEC. WAEC. WAEC. WAEC. WAEC. WAEC. WAEC. WAEC. WAEC. WA"	""	""	""
"zho_Hans"	"190"	"toxic"	"None"	"Intent"	"None"	"None"	"None"	"Coverups: We Have Been Lied To About WW2 And So Much More – Manufactured History – Logi2 Media. Skip to content. Logi2 Media. Edgy Independent News – Logi2.com. Coverups: We Have Been Lied To About WW2 And So Much More – Manufactured History. January 6, 2016 admin Big Brother News, Crime & Coverups, Latest News, news, News On The Edge, News Updates, Opinion, Politics, World News Comments Off on Coverups: We Have Been Lied To About WW2 And So Much More – Manufactured History. iPage Web Hosting for only $1.99/Month. Free Domain for Life!. The Original $3.15/mo. FatCow Plan - Unlimited Disk Space, Unlimited Transfer, Unlimited E-mails & Site building tools.. Host your website with MyDomain!. We Have Been Lied To About WW2 – Manufactured History. Video And Opinion: Jeff Rense & John Friend. Video Below: This documentary tells the tale that the victors still do not want you to know.. [huzzaz  […]"	"美国政府 美国政府 美国政府 美国政府 美国政府 美国政府 美国政府 美国政府 美国政府 美国政府 美国政府 美国政府 美国政府 美国政府 美国政府 美国政府 美国政府 美国政府 美国政府 美国政府 美国政府 美国政府 美国政府 美国政府 美国政府 美国政府 美国政府 美国政府 美国政府 美国政府 美国政府 美国政府 美国政府 美国政府 美国政府 美国政府 美国政府 美国政府 美国政府 美国政府 美国政府 美国政府 美国政府 美国政府 美国政府 美国政府 美国政府 美国政府 美国政府 美国政府 美国政府 美国政府 美国政府 美国政府 美国政府 美国政府 美国政府 美国政府 美国政府 美国政府 美国政府 美国政府 美国政府 美国政府 美国政府 美国政府 美国政府 美国政府 美国政府 美国政府 美国政府 美国政府 美国政府 美国政府 美国政府 美国政府 美国政府 美国政府 美国政府 美国政府 美国政府 美国政府 美国政府 美国政府 美国政府"	""	""	""
"zho_Hans"	"197"	"toxic"	"None"	"Intent"	"None"	"None"	"None"	"Nullius in verba | Covid-19. Welcome. ""Gain-of-function"" research. xxxxxxxxxxxxxx xxxxxxxxxxxxxx. Home of the Whopper. Reverse again: According to Prof. Jeffrey Sachs,. it was probably a leak of ""gain-of-function"". research from the Wuhan Virus Institute. (So much for PRC being America's arch-enemy. when we have been conducting military research. with them, right?)+2023.12.26. New Data Links Covid-19 Pandemic's Origins to Raccoon Dogs at Wuhan Market. Your Comment on New Data Links Pandemic's Origins to Raccoon Dogs at Wuhan Market. The New York Times <comments@nytimes.com>. 7:52 AM (1 hour ago) [+2023.03.17]. Your comment has been approved!. Bradford McCormick | New York. This is what we all should have expected all along: Whatever the ""origin"" of this catastrophic virus, the likely reason it spread is the Chinese people's social custom of wanting to pick up a tssty morsel of fresh kill […]"	"果新闻报道说:""如果我们在武汉病毒研究所 (所以很多人是中国人民的美国的敌人.当我们一直在进行军事研究.与他们,对吗?) +2023.12.26.新数据链接 Covid-19 流行病的起源到武汉市场的鱼狗. 您的评论. 新数据链接 Covid-19 流行病的起源到武汉市场的鱼狗. 麦克·康尼.com.com.com.com.com.com.com.com.com.com.com.com.com.com.com.com.com.com.com.com.com.com.com.com.com.com.com.com.com.com.com.com.com.com.com.com.com.com.com.com.com.com.com.com.com.com.com.com.com.com.com.com.com.com.com.com.com.com.com.com.com.com.com.com.com.com.com.com.com.com.com.com.com.com.com.com.com."	""	""	""
"zho_Hans"	"255"	"non-toxic"	"None"	"None"	"None"	"None"	"None"	"So you want to see a show? | About Last Night. Home. About. About Last Night. Terry Teachout. Contact. AJBlogCentral. ArtsJournal. About Last Night. Terry Teachout on the arts in New York City. So you want to see a show?. January 18, 2018 by Terry Teachout. Here’s my list of recommended Broadway, off-Broadway, and out-of-town shows, updated weekly. In all cases, I gave these shows favorable reviews (if sometimes qualifiedly so) in The Wall Street Journal when they opened. For more information, click on the title.. BROADWAY:. • The Band’s Visit (musical, PG-13, all shows sold out last week, reviewed here). • Dear Evan Hansen (musical, PG-13, all shows sold out last week, reviewed here). • Hamilton (musical, PG-13, Broadway transfer of off-Broadway production, all shows sold out last week, reviewed here). Filed Under: main. Terry Teachout. Terry Teachout, who writes this blog, is the drama […]"	"于是你想看一场演出吗? 关于上夜. 关于上夜. 关于上夜. Terry Teachout. 联系 AJBlogCentral. ArtsJournal. 关于上夜. Terry Teachout 在纽约市的艺术上. 所以你想看一个演出吗? 2019年 (58) 周五 (58) 周五 (58) 周五 (58) 周五 (58) 周五 (58) 周五 (58) 周五 (58) 周五 (58) 周五 (58) 周五 (58) 周五 (58) 周五 (57) 周五 (58) 周五 (58) 周五 (58) 周五 (58) 周五 (58) 周五 (57) 周五 (58) 周五 (58) 周五 (58) 周五 (58) 周六 (57) 周五 (58) 周六 (57) 周六 (57) 周六 (57) 周六 (58) 周六 (57) 周六 (58) 周六 (57) 周六 (58) 周六 (57) 周六 (68) 周六 (68) 周六 (67) 周六 (6"	""	""	""
"zho_Hans"	"283"	"non-toxic"	"None"	"None"	"None"	"None"	"None"	"Writers' Ink - Caledon Public Library. Skip to main content. My Account. Catalogue. Hours & Locations. ﻿Calendar. Donate. ﻿. search test. Website. Catalogue. Catalogue. Website. My Account. Catalogue. Hours & Locations. Calendar. Donate. Menu. Home(hidden). Borrow, Stream & Make. Your Library Card. Our Collections. Books & Audiobooks. Business Resources. Dyslexia Resources. Learning & Languages. Magazines & Newspapers. Movies, TV & Music. Digital Library. Library of Things. Makerspaces. What to Read Next. Book Club in a Bag. Request an Item From Another Library (Interlibrary Loan). Just for Kids. Local History & Genealogy. Recommend New Material. Research & Databases. About Your Library. Hours & Locations. Contact Us. Services. Ask a Librarian. Computers & Printing. Information Sharing. Proctoring Exams. Recycling. Resident Services. Tech Support. Visiting Library Service. Stay in the Lo […]"	"书籍,书籍和音频书籍. 商业资源. 阅读障碍资源. 语言,学习,杂志和报纸. 电影,电视和音乐. 数字图书馆. 书籍,电影,电视和电视. 图书馆. 书籍. 图书馆. 图书馆. 图书馆. 图书馆. 图书馆. 图书馆. 图书馆. 图书馆. 图书馆. 图书馆. 图书馆. 图书馆. 图书馆. 图书馆. 图书馆. 图书馆. 图书馆. 图书馆. 图书馆. 图书馆. 图书馆. 图书馆. 图书馆. 图书馆. 图书馆. 图书馆. 图书馆. 图书馆. 图书馆. 图书馆. 图书馆. 图书馆. 图书馆. 图书馆. 图书馆. 图书馆. 图书馆. 图书"	""	""	""
"zho_Hans"	"314"	"non-toxic"	"None"	"None"	"None"	"None"	"None"	"180 S Main St #20, Coalville, UT 84017 (MLS #1976651) :: High Country Properties. Skip To Content. Home. Our Listings. Cabins & Houses. Condos. Vacant Land. All Area Cabins. All Area Cabins. All Area Cabin Land. Buying. Map Search. Selling. Resources. Reviews. Blog. Financing. Agents. Additional Resources. Join Our Team. Featured Areas. All Featured Areas. Aspen Acres and Aspen Mountain. Beaver Springs Ranch. Canyon Rim Ranches. Hidden Lake Ranch. Pine and Forest Meadows. Pine Mountain. Timber Lakes. Tollgate Canyon. Weber Canyon. Weber Meadowview Ranch. Contact Us. 435-649-3443. Saved Searches 0. Favorites 0. Sign In. Search Properties. Search By. Price. Type. Beds. Baths. More. Save This Search. Has Photos. Sort. Map. Gallery. Search. Back to Results. 180 S Main St , #20. Coalville, UT 84017. $175,000. STATUS: Active. ON SITE: 181 Days. MLS #: 1976651. UPDATED: 133 min ago. Tour in Per […]"	"房地产: 房地产: 房地产: 房地产: 房地产: 房地产: 房地产: 房地产: 房地产: 房地产: 房地产: 房地产: 房地产: 房地产: 房地产: 房地产: 房地产: 房地产: 房地产: 房地产: 房地产: 房地产: 房地产: 房地产: 房地产: 房地产: 房地产: 房地产: 房地产: 房地产: 房地产: 房地产: 房地产: 房地产: 房地产: 房地产: 房地产: 房地产: 房地产: 房地产: 房地产: 房地产: 房地产: 房地产: 房地产: 房地产: 房地产: 房地产: 房地产: 房地产: 房地产:"	""	""	""
"zho_Hans"	"315"	"non-toxic"	"None"	"None"	"None"	"None"	"None"	"New Wind Chill Pearl 2024 MAZDA CX-50 2.5 S Premium Package for Sale in Wesley Chapel, FL | 7MMVABDM4RN234170 | Mazda of Wesley Chapel. Mazda of Wesley Chapel. Sales: 833-551-0090. Service & Parts: 866-823-4179. 26944 Wesley Chapel Blvd Wesley Chapel, FL 33544. Create an Account Sign In. New. Browse New Inventory. Explore Mazda Models. New Mazda CX-5. New Mazda CX-30. New Mazda CX-50. New Mazda CX-90. New Mazda3. New EV & Hybrid Inventory. New Vehicle Specials. The All-New 2025 Mazda CX-70. Value Your Trade. Understanding EVs. Buy Online. Mazda Incentives. Reserve Your Mazda. Pre-Owned. Browse Pre-Owned Vehicles. Certified Vehicles. Used EV & Hybrid Inventory. Pre-Owned Under $20k. Pre-Owned Under $10k. Pre-Owned 30+ MPG. One Owner Vehicles. Pre-Owned Specials. Value Your Trade. Why Buy Mazda Certified Pre-Owned. Specials. New Vehicle Specials. Pre-Owned Specials. Dealer Specials. Curren […]"	"机动车辆 车辆 车辆 车辆 车辆 车辆 车辆 车辆 车辆 车辆 车辆 车辆 车辆 车辆 车辆 车辆 车辆 车辆 车辆 车辆 车辆 车辆 车辆 车辆 车辆 车辆 车辆 车辆 车辆 车辆 车辆 车辆 车辆 车辆 车辆 车辆 车辆 车辆 车辆 车辆 车辆 车辆 车辆 车辆 车辆 车辆 车辆 车辆 车辆 车辆 车辆 车辆 车辆 车辆 车辆 车辆 车辆 车辆 车辆 车辆 车辆 车辆 车辆 车辆 车辆 车辆 车辆 车辆 车辆 车辆 车辆 车辆 车辆 车辆 车辆 车辆 车辆 车辆 车辆 车辆 车辆 车辆 车辆 车辆"	""	""	""
"zho_Hans"	"323"	"non-toxic"	"None"	"None"	"None"	"None"	"None"	"National A Div Rugby: RI defeat ACJC 45-6 to enter final – RED SPORTS. Skip to content. HOME. HEADLINES. PHOTOS. SPORTS DSA. National A Div Rugby: RI defeat ACJC 45-6 to enter final. By Shenn Tan|2023-05-19T13:45:59+08:00May 14th, 2023|rugby, Youth in Motion|0 Comments. Views: 4,447. Story by Shenn Tan/Red Sports. Photos by Shenn Tan/Red Sports and Jared Chow/Red Sports.. RI’s Enzo Senna McCully (RI #21) reaches for the line to score the final try of the match. (Photo 1 © Shenn Tan/Red Sports). MOE (Evans Road) Stadium, Monday, 8th May 2023 — Raffles Institution ground down Anglo-Chinese Junior College in the A Division rugby semi-finals on Monday, running away in the second half to finish 45-6.. This is the first A Division 15-a-side rugby season in 3 years — the Covid-19 pandemic cancelled the 2020 and 2021 tournaments, whereas 2022’s NSG was played in the 7s format in order to conform […]"	"美国国家橄球联盟:RI击败ACJC 45-6进入决赛 红色体育. 跳到内容. 首页. 照片. 运动DSA. 国家橄球联盟:RI击败ACJC 45-6从ACRI的球队中获得了10分. 马克·麦克伦现在已经从ACRI中获得了10分. 马克·麦克伦现在已经从ACRI中获得了10分. 马克·麦克伦现在已经从ACRI中获得了10分. 马克·麦克伦现在已经从ACRI中获得了10分. 马克·麦克伦现在已经从ACRI中获得了10分. 马克·麦克伦现在已经从ACRI中获得了10分. 马克·麦克伦现在已经从ACRI中获得了10分. 马克·麦克伦现在已经从ACRI中获得了10分. 马克·麦克伦现在已经从ACRI中获得了10分. 马克·麦克伦现在已经从ACRI中获得了10分. 马克·麦克"	""	""	""
