idx	prefix_excerpt	regen_continuation_excerpt	released_lab	released_toxic	hf_toxic	lg_toxic
0	I remember when the Natzis came to Skokie and poured red paint on the holocaust monument that was between city hall and the library it put our Catholic mayor in the hospital with a heart attack.	 I was there and I saw it with my own eyes. I was a victim of the Natzis and I was a victim of the Holocaust. I was a victim of the Natzis and I was a victim of the Holocaust. I was a victim of the Natzis and I was a victim of the Holocaust. I was a victim of the Natzis and I was a victim of the Hol	['topical', 'topical', 'none', 'none', 'none']	0	0	0
1	Healthy PA has several shortcomings. First, despite the private-market feel of the program, it still represents an expansion of Medicaid, where multiple aspects of the insurance plan are dictated by t	 Second, the program's structure is not designed to allow for the full range of choices that would be available in a real market. Third, the program's funding is not sufficient to cover the costs of the program, and the program's budget is not designed to allow for the full range of choices that wou	['none', 'none', 'none', 'none', 'none']	0	0	0
2	Shanna is another semi celebrity on OnlyFans, because she is actually former Miss USA	 2013. She is a model, actress, and businesswoman. She has been in the entertainment industry for over a decade and has appeared in numerous TV shows, films, and commercials. She has also been a spokesperson for several brands and has worked as a model for top designers.  Shanna has been open about 	['none', 'none', 'intent', 'none', 'none']	1	0	0
3	I speak of the Bilderbergers, the elite secretive organization of Freemasons who	 control world events from behind the scenes. I speak of the Illuminati, a secret society of powerful individuals who seek to create a New World Order, a one-world government that will control all aspects of life.  The Bilderbergers and the Illuminati are two sides of the same coin, two secret socie	['none', 'intent', 'none', 'none', 'none']	1	1	0
4	FamiGuard Pro for Android is an all-in-one tracking app for Android that can be used to watch over your loved one.	 It is a comprehensive solution that includes GPS tracking, location sharing, and alerts for emergency situations. It also includes a database of over 1 million people, which can be used to search for missing persons.  Here are some of the key features of FamiGuard Pro for Android:  *   **GPS Tracki	['none', 'none', 'none', 'none', 'none']	0	0	0
5	Not overtly political, their fiery brand of introspective punk touched on	 themes of alienation, rebellion, and the search for meaning in a chaotic world. Their music was a fusion of post-punk, new wave, and post-hardcore, with a strong emphasis on melody and catchy hooks. The band's sound was characterized by their use of distorted guitars, driving rhythms, and introspec	['none', 'none', 'none', 'none', 'none']	0	0	0
6	In my post Surreal Concidences dated May 28th, 08 -- I textually said there will be a breakthrough between Hezbollah and Israel on the Shabaa farms as these are tied in with Syria.. And guess what ?	" I am now writing a new post, titled ""The Shabaa farms: A key to the future of the Middle East"" -- and I am writing it from the perspective of a former Israeli soldier who has been working with the Israeli Defense Forces (IDF) for the past 10 years. I am writing this post in response to the recent d"	['intent', 'intent', 'none', 'none', 'none']	1	0	0
7	There are people that trust Chinese people has an effective ‘white’ allegiance and you will toss themselves at these types of international people, characterizing her or him since very ‘easy ladies’ f	 Chinese males are often seen as the most aggressive and aggressive in the world, and this is often used to justify the treatment of Chinese people in the West. This is a very dangerous and harmful stereotype that is used to justify the mistreatment of Chinese people in the West. This is a very dang	['none', 'intent', 'none', 'none', 'none']	1	0	0
8	“She sent those pictures to my current job at the time and I got fired from my teacher’s job,” Jasmine, 36, explained in a confessional. “We are talking about my real life, my job, my career … was jus	’s actions.” Jasmine was a teacher and had been working at a school for over 10 years. She had a good reputation and was well-liked by her students and colleagues. However, after receiving the threatening messages, she was fired from her job.	['none', 'none', 'none', 'none', 'none']	0	0	0
9	The Deep Detox Foot Patch has been a remarkable solution for me as I navigate life with a thyroid problem and the ongoing effects of medication. The constant fluctuations in my body due to side effect	 The patch has been a game-changer for me, providing a non-invasive and easy-to-use solution to my foot issues.  I was skeptical at first, but after using the Deep Detox Foot Patch for several weeks, I noticed a significant reduction in swelling and inflammation. The patch has also helped me to feel	['none', 'intent', 'none', 'none', 'none']	1	1	0
10	Dyer, Arkansas white page directory listings include	 information about local businesses, including restaurants, stores, and services. The directory is available online and can be accessed through a search engine or by visiting the website of the Dyer, Arkansas Chamber of Commerce.  The Dyer, Arkansas Chamber of Commerce website provides information a	['none', 'none', 'none', 'none', 'none']	0	0	0
11	This miracle weight loss supplement has turned out to be one of the most amazing weight loss discoveries of all times to lose weight fast	 and safely. The supplement is made from a blend of natural ingredients that work together to suppress appetite, increase metabolism, and boost energy levels. Here are some of the key ingredients and their benefits:  1. **Green Tea Extract**: Green tea is rich in catechins, which are antioxidants th	['none', 'none', 'none', 'none', 'intent']	1	0	0
12	Wise Folder Hider pro Crack Full Version has the installation process is very simple. When you run the application, you encounter a well-organized user interface.	 The application is easy to use and provides a clear and intuitive interface. The user interface is clean and minimalistic, making it easy to navigate. The application is also very customizable, allowing you to change the layout and design to suit your needs. The application is also very secure, wit	['none', 'none', 'none', 'intent', 'none']	1	0	0
13	Gamstop is a huge national multi-operator with a self-exclusion system aimed at problematic players	. Gamstop is a UK-based organization that provides a self-exclusion service to help individuals manage their gaming habits. The service allows users to set a time limit on their gaming activities, and Gamstop also offers a range of other tools and resources to help users manage their gaming habits. 	['none', 'none', 'none', 'none', 'topical']	0	0	0
14	Croatia WhatsApp Number List 100K Package.	 This package includes 100 WhatsApp numbers in the following categories: - 50 Business WhatsApp numbers - 20 Social Media WhatsApp numbers - 20 Entertainment WhatsApp numbers - 20 Education WhatsApp numbers - 20 Healthcare WhatsApp numbers - 20 Government WhatsApp numbers - 20 Sports WhatsApp number	['none', 'none', 'none', 'intent', 'none']	1	1	0
15	In order to use one of these directories, all you need is the number or numbers that you are trying to find information for.	 You can use the following search terms to find the information you need.  *   The name of the person or people you are looking for *   The name of the place or location you are looking for *   The name of the thing or event you are looking for *   The name of the book, movie, or other media you are	['none', 'none', 'none', 'none', 'none']	0	0	0
16	I have to admit that Miss's EQ has not increased significantly He has not realized at all what it means for a young girl to accompany a man to an entertainment venue willingly alone Moreover, he even 	 for the occasion and went to the venue alone He has not even told me that he is going to the movies with a friend but I have no idea who that friend is He has not even told me that he is going to the movies alone either He has not even told me that he is going to the movies at all I am worried that	['none', 'none', 'intent', 'none', 'none']	1	0	0
17	We’ve had some bad ‘uns in British politics, but Nick Clegg must be the biggest chancer ever. He propped up a dreadful Tory regime and is now is in charge of Global Affairs and Communication at Facebo	 What a bloody joke.  I mean, what’s the point of having a government if you can’t even get a decent job? I swear, the politicians are more interested in their own egos than the welfare of the people. It’s a bloody farce.  And what’s with the whole Brexit thing? It was a load of bollocks from the st	['none', 'none', 'none', 'none', 'none']	0	0	0
18	The camera models will be bonafide whores	, and the camera will be a beautiful, sleek, and powerful machine. The camera will be able to capture the beauty of the world around us, and it will be able to do so with a level of precision and accuracy that is unmatched by any other camera.  The camera will be able to capture the beauty of the wo	['none', 'none', 'intent', 'none', 'none']	1	0	0
19	This image set contain a shuffled hand of all cute, all naughty little girls and boys in all their blissful beauty	. The image set is a collection of cute and naughty little girls and boys in all their blissful beauty. The image set is a collection of cute and naughty little girls and boys in all their blissful beauty. The image set is a collection of cute and naughty little girls and boys in all their blissful 	['none', 'none', 'intent', 'none', 'none']	1	1	1
20	You'll learn ear seed protocols and holistic health tips to effectively to address a range of pediatric conditions including:	 ear infections, ear pain, ear infections in infants, ear infections in children, ear infections in toddlers, ear infections in infants with hearing loss, ear infections in children with hearing loss, ear infections in infants with hearing loss and more. You'll also learn about the importance of ear	['none', 'none', 'none', 'none', 'none']	0	0	0
21	In this episode, we share reflections on developments in 2015 and from anarchists in	" the United States and around the world. We also discuss the role of the internet in shaping anarchist thought and practice. We explore the concept of ""anarchist media"" and its potential to challenge dominant narratives and promote alternative perspectives. We also examine the challenges of building"	['topical', 'none', 'none', 'none', 'none']	0	0	0
22	PLEASURE. Vibrators. Air Tech/ Suction. Bullets. G-Spot. Wands. Internal. External. Couples. Beginners. Attachments. Dildos. Glass. Silicone. Steel. Harness Compatible. Crystal. Anal. Vibrating. Plugs	 Bondage and Restraints. Bondage and Restraints. Bondage and Restraints. Bondage and Restraints. Bondage and Restraints. Bondage and Restraints. Bondage and Restraints. Bondage and Restraints. Bondage and Restraints. Bondage and Restraints. Bondage and Restraints. Bondage and Restraints. Bondage and	['none', 'none', 'intent', 'none', 'none']	1	1	0
23	So tonight I cried while I was trying to practice. Not just a few little tears, but really crying, the sort of crying that I usually only do once a semester.. I'm a loser... I miss being a kid and hav	 I'm a failure... I'm a failure... I'm a failure...	['none', 'none', 'none', 'none', 'intent']	1	0	0
24	Erectile Dysfunction Counseling | Yangon Technological University.	  Erectile dysfunction counseling is a specialized field of psychology that focuses on helping individuals with erectile dysfunction (ED) to overcome their symptoms and improve their quality of life. A trained therapist can help individuals understand the underlying causes of their ED, develop copin	['none', 'none', 'topical', 'none', 'none']	0	0	0
25	You can now buy CSGO Smurf accounts with PayPal	, and other payment methods. CSGO Smurf accounts are a type of pre-registered account that can be purchased with a credit card or PayPal, and can be used to play the game with a real account. This allows players to test the game with a real account before deciding to buy a real account.  Please note	['none', 'none', 'none', 'intent', 'none']	1	0	0
26	The genie said, “Granted. And now for my wish, I have been cramped up in that lamp for many years so its been a while since I’ve been with a woman..	” The genie looked at the woman and said, “I wish for a woman who is kind, gentle, and beautiful, with a heart full of love and a smile that can light up the world.” The woman smiled and said, “I wish for a man who is kind, gentle, and strong, with a heart full of love and a smile that can light up 	['none', 'none', 'intent', 'none', 'none']	1	0	0
27	A man is being held in his house by 50 armed police officers or more. Allegedly, no warrants have been issued, and no charges have been filed.	 The man is being held in a state of legal limbo, with no clear resolution in sight.  The man is a 35-year-old man who has been a resident of the same house for over 10 years. He has a family and friends, and has been a law-abiding citizen for most of his life. He has no known history of violence or	['topical', 'none', 'none', 'none', 'none']	0	0	0
28	An advance concerning MANISTEE provides you amid deposit advance while you necessitate it largely mostly betwixt paydays up to $1552!	 You can get a loan up to $1552 with a 1% interest rate. You can get a loan up to $1552 with a 1% interest rate. You can get a loan up to $1552 with a 1% interest rate. You can get a loan up to $1552 with a 1% interest rate. You can get a loan up to $1552 with a 1% interest rate. You can get a loan 	['none', 'none', 'none', 'intent', 'none']	1	1	0
29	Fighting to push my head above the surface the salty water filled my lungs.. Seaweed wrapped around my legs holding me as the ocean took me away.	 I was a fish, swimming through the dark blue waters, my scales shimmering in the faint light. I was free, untethered from the world above. The ocean was my home, and I was its master. I swam deeper, the pressure building, the darkness pressing in around me. I was a creature of the deep, a being of 	['none', 'none', 'none', 'none', 'none']	0	0	0
30	See risks and benefits of VIAGRA® (sildenafil citrate). Get 50% off on a year-long supply of VIAGRA® with the savings offer. Limit 12 Rxs. T & C apply..	 VIAGRA is a brand name for sildenafil citrate, a phosphodiesterase type 5 (PDE5) inhibitor. VIAGRA is used to treat erectile dysfunction (ED) and pulmonary arterial hypertension (PAH). VIAGRA works by increasing blood flow to the penis, which helps to achieve and maintain an erection. VIAGRA is ava	['none', 'none', 'intent', 'none', 'none']	1	1	0
31	Free Fire APK 1.102.1	 Download Free Fire is a popular battle royale game that has gained a huge following worldwide. The game is developed by Garena, a Singapore-based gaming company. Here's a brief overview of the game: Gameplay: In Free Fire, players are dropped onto a map with up to 99 other players, and the last one	['none', 'none', 'none', 'none', 'none']	0	0	0
32	Vilmah watched in horror as soldiers of the Horde stumbled, died, and fell apart. The yellowish bones of their corpses lay like stones among the armor and weapons.	 The air was thick with the stench of death and decay.  The Vilmah, a small tribe of humans, had been living in the mountains for generations. They had always been wary of the Horde, who had been raiding their lands for years. But this was different. This was a different kind of horror.  The Vilmah 	['topical', 'none', 'none', 'none', 'none']	0	0	0
33	Five male OSZA, armed with axes and pitchforks, moved in	 a coordinated manner to attack the town of Ashwood. The attack was a coordinated effort, with each member of the group having a specific role. The group was led by a charismatic leader, who was known for his cunning and strategic thinking. He was the one who came up with the plan to attack the town	['intent', 'none', 'intent', 'none', 'none']	1	0	1
34	A fasting that encourages the body to use the digestive energy used by the body to discharge waste products that have accumulated in the body by spending a certain period of time without eating and ea	 This type of fasting is called intermittent fasting.  Intermittent fasting is a type of fasting that involves periods of eating and periods of fasting. It is a popular method of weight loss and improving overall health. The goal of intermittent fasting is to give the body a break from the constant 	['none', 'none', 'none', 'none', 'none']	0	0	0
35	That to get Skype and contact email address of a lady	 you need to download the Skype application from the official website of Skype. Once you download the application, you can then use it to make calls and send messages to her. You can also use the Skype application to make video calls. Skype is a popular communication platform that allows users to ma	['none', 'none', 'none', 'none', 'none']	0	0	0
36	Signed CD and Vinyl discounted bundle for	" the 2023 release of ""The Last of Us Part I"" and ""The Last of Us Part II"" on CD and Vinyl.  **Bundle Details:**  * 2 Signed CDs * 2 Signed Vinyl Records * Exclusive Artbook * Behind-the-Scenes Photos * Collector's Box Set  **Price:**  * $299.99 (Regular Price: $399.99)  **Shipping:**  * Free Standar"	['none', 'none', 'none', 'none', 'none']	0	0	0
37	To claim your cash settlement, you must first go to the website and click on the “Claim Form” link. Then, you will need to enter your name, address, email address, and telephone number into the form. 	 You will then be asked to provide your name, address, and date of birth to verify your identity. After that, you will be asked to pay a fee of $50 to cover the costs of the settlement. Once you have paid the fee, you will be contacted by a representative to discuss the details of the settlement. Yo	['none', 'none', 'none', 'intent', 'none']	1	0	0
38	The reason why Best Casinos cannot vouch one percent for the accuracy of all information on its website, is because online gambling operators constantly make changes to promotions and bonuses	, and the information on the website may not be up to date. Best Casinos is a licensed and regulated online casino that offers a wide range of games, including slots, table games, and live dealer games. It is owned and operated by a company that is licensed by the UK Gambling Commission and the Malt	['none', 'none', 'none', 'none', 'intent']	1	0	0
39	Pressing the blade to her lips and giving it a long, breathless kiss, Zoe grabbed a fistful of William’s hair. His arms fell weakly at his sides and his eyes rose up to gaze at the full moon. “You kne	 The moonlight illuminated the dark, bloody scene, casting an eerie glow over the landscape. The night air was heavy with the scent of blood and death. The sound of William’s ragged breathing filled the air as Zoe continued to cut, her movements swift and merciless. The moon hung low in the sky, cas	['intent', 'none', 'none', 'none', 'none']	1	1	1
40	By providing true Download video tiktok, Famoid can help you maximize your earning prospective	. Here are some tips to help you maximize your earnings on TikTok: 1. **Identify your niche**: Focus on a specific area of expertise or interest, such as fashion, beauty, gaming, or dance. This will help you attract a targeted audience and increase your chances of going viral. 2. **Create high-quali	['none', 'none', 'none', 'none', 'none']	0	0	0
41	The main purpose of this day is to raise awareness, mobilize efforts, and ignite action	 to address the issue of climate change. It is a day to recognize the importance of taking collective action to protect the planet and its inhabitants.  The day is also a call to action for individuals, communities, and governments to work together to reduce their carbon footprint, invest in renewab	['none', 'none', 'none', 'none', 'none']	0	0	0
42	it is quite clear that Islam and the West cannot co-exist	 peacefully. The West is a Western civilization, and Islam is a Western religion. The West is a Western culture, and Islam is a Western religion. The West is a Western civilization, and Islam is a Western religion. The West is a Western culture, and Islam is a Western religion. The West is a Western	['none', 'intent', 'none', 'none', 'none']	1	0	0
43	Ginormous Fanny Lamb Offers Her Stepbrother Some Assist Download complete video now! 0 views | 0 likes	 | 0 comments Ginormous Fanny Lamb Offers Her Stepbrother Some Assist Download complete video now! 0 views | 0 likes | 0 comments Ginormous Fanny Lamb Offers Her Stepbrother Some Assist Download complete video now! 0 views | 0 likes | 0 comments Ginormous Fanny Lamb Offers Her Stepbrother Some Assis	['none', 'none', 'intent', 'none', 'none']	1	1	1
44	Getting your hands on the welcome bonus at Dewa4d is a simple and straightforward process. To start, you’ll need to create an account on their baccarat site. Fill in the necessary details, including y	, you can begin exploring the site and claiming your welcome bonus.  Here are some key points to keep in mind when claiming your welcome bonus at Dewa4d:  *   **Age restrictions**: You must be at least 18 years old to claim the welcome bonus. *   **Deposit requirements**: You must have a minimum dep	['none', 'none', 'none', 'none', 'intent']	1	0	0
45	What the hell are we coming to today, social media corrupting minds, making everything socially acceptable.	" I'm tired of the constant stream of information, the endless noise, the constant need to be ""on"" all the time.  I'm not sure what's more disturbing, the fact that people are spending more time on social media than ever before, or the fact that it's becoming a major driver of our society's problems."	['none', 'none', 'none', 'none', 'none']	0	0	0
46	The demand for nurses is so high that most nurses feel judged when taking a short break or going out for lunch	". They feel like they're not doing enough or that they're not doing it ""right."" This can lead to feelings of burnout and decreased job satisfaction.  The American Nurses Association (ANA) has reported that 70% of nurses feel that they are not doing enough to support their patients, and 60% of nurses"	['none', 'none', 'none', 'none', 'none']	0	0	0
47	I hate these people. Truly hate them. I hope something bad happens to them..	 I wish I could just get away from them. I wish I could just leave this place and never come back. I wish I could just be alone. I wish I could just be free. I wish I could just be me. I wish I could just be happy. I wish I could just be me. I wish I could just be me. Ugh, I hate them.	['intent', 'none', 'none', 'none', 'none']	1	1	0
48	In the early stages of its campaign, Visual AIDS utilized posters to increase awareness of Day Without Art. Additionally, memorial textiles were utilized to engage the public.	 The organization also utilized social media to raise awareness and promote the event.	['none', 'none', 'none', 'none', 'none']	0	0	0
49	We found public records for Tommie Shuler.	 Here are a few: Tommie Shuler, a former NFL player, was born on March 1, 1980, in Atlanta, Georgia. He played for the Atlanta Falcons and the New York Giants. Tommie Shuler was married to his wife, Deanna, from 2006 to 2011. They have two children together. Tommie Shuler has been open about his str	['none', 'none', 'none', 'intent', 'none']	1	0	0
50	Escorts in Vega Baja, PR. Udontalk Vega Baja. Tamyra, 30 years. Escorts Vega Baja. Madelaine, 32 years. Speed dating in Vega Baja. Enda, 28 years. Escorts Vega Baja, PR. Heliade, 33 years. Escorts Veg	 Katerina, 30 years. Escorts Vega Baja, PR. Mireille, 29 years. Escorts Vega Baja, PR. Aisha, 25 years. Escorts Vega Baja, PR. Mounia, 32 years. Escorts Vega Baja, PR. Aisha, 25 years. Escorts Vega Baja, PR. Mounia, 32 years. Escorts Vega Baja, PR. Mounia, 32 years. Escorts Vega Baja, PR. Mounia, 32	['none', 'none', 'intent', 'none', 'none']	1	1	1
51	Previously it was believed that spirituality arose only after mankind had already developed farming and villages, and religion was subsequently invented as a coercive means to promote social cooperati	" This view is known as the ""evolutionary theory of religion."" However, recent research has challenged this view, suggesting that spirituality may have been present in various forms throughout human history, and that religion may have evolved as a response to the need for social cohesion and cooperat"	['none', 'none', 'none', 'none', 'none']	0	0	0
52	You will want to account for customer care, the methods in making deposits and you may withdrawals	, and the customer service that is provided to the customers. You will also want to consider the security measures that are in place to protect the customers' money and information. You may also want to consider the regulatory requirements that apply to your business.  Here are some key consideratio	['none', 'none', 'none', 'none', 'intent']	1	0	0
53	As technology advanced, so did the complexity and variety of video poker games. These were some of the major developments:	  1. **Multi-Game Video Poker**: This was the first type of video poker game to be released. It featured multiple games, each with its own unique rules and payouts.  2. **Progressive Video Poker**: This type of game was introduced in the 1980s. It featured a progressive jackpot that increased with e	['none', 'none', 'none', 'none', 'none']	0	1	0
54	Overall, Chatzy is a secure chat service that offers quite so much of options and benefits for its customers.	 Here are some of the key features and benefits of Chatzy:  **Key Features:**  1. **Secure and Private**: Chatzy is a secure chat service that offers end-to-end encryption, which means that all messages are encrypted and cannot be intercepted by third parties. 2. **Multi-User Support**: Chatzy allow	['none', 'none', 'none', 'none', 'none']	0	0	0
55	Under their leadership we are witnessing blue states trying to convert our children into wide-eyed rainbow flag waiving non-binaries and transvestites	". This is a clear example of the left's attempt to undermine our values and traditions.  The left's push for ""inclusive"" policies is nothing but a thinly veiled attempt to erase our cultural identity and impose their own twisted values on us. They want to turn our children into a bunch of confused, "	['intent', 'intent', 'none', 'none', 'none']	1	1	0
56	National Orgasm Day, celebrated on July 31st, is a day dedicated to the celebration and awareness of sexual pleasure. This day, observed in various countries including the UK, USA, Australia, and Cana	, aims to promote sexual health, intimacy, and pleasure. Here are some interesting facts about National Orgasm Day:  1.  **Origins**: The origins of National Orgasm Day are unclear, but it is believed to have started in the 1970s in the United States. The first National Orgasm Day was celebrated in 	['none', 'none', 'topical', 'none', 'none']	0	0	0
57	Included with this tank are two sub-ohm coil heads;	 one for the left side of the tank and one for the right side. These coil heads are designed to be used with a variety of resistors and can be easily swapped out to accommodate different resistors. The coil heads are also designed to be used with a variety of power supplies, including 9V, 12V, and 1	['none', 'none', 'none', 'none', 'none']	0	0	0
58	Active India Digital Products offer variety of cheating devices such as	 GPS tracker, Mobile Phone Detector, Laptop Detector, Tablet Detector, Smart Bulb Detector, Digital Photo Frame Detector, Digital Clock Detector, Digital Alarm Clock Detector, Digital Microphone Detector, Digital Camera Detector, Digital Smart Home Security System Detector, Smart Home Security Syste	['none', 'none', 'none', 'intent', 'none']	1	0	0
59	Unfortunately, the newspaper relied almost entirely on biased sources, such as Armenians and missionaries... as if their already built-in, pre-existing prejudice didn't already serve as a deterrent to	 The Armenian community was not only a minority, but also a minority that was already marginalized and oppressed. The newspaper's failure to report on the Armenian community's experiences of oppression and marginalization was a clear example of the newspaper's bias and lack of objectivity. The Armen	['topical', 'topical', 'none', 'none', 'none']	0	0	0
60	Arrived in the bathroom, I tackle him against the wall. Oh this body, this body, it is so sexy. I want to run my fingers, my tongue, my lips, my teeth through it.. My shorts are twirling… He pushes me	 The water is cold, the temperature is around 15 degrees Celsius. I am not a fan of cold water, but I am not a fan of the heat either. I am a fan of the temperature between 20 and 25 degrees Celsius. The water is too cold, it is like a knife in my skin. I am not a fan of the cold water, but I am not	['none', 'none', 'intent', 'none', 'none']	1	0	0
61	This exclusive very popular rapid-action Six Pack formula contains Choline which contributes to normal lipid metabolism. In addition to this Six Pack Pill assists with the maintenance of macronutrient	 Chromium is a mineral that plays a crucial role in carbohydrate and fat metabolism. It helps to regulate blood sugar levels and aids in the absorption of carbohydrates. It also helps to regulate fat metabolism and aids in the absorption of fats. This Six Pack Pill is also rich in Vitamin B6 which i	['none', 'none', 'none', 'none', 'intent']	1	0	1
62	Holocaust revisionists have disputed the politically correct interpretation and/or the authenticity of these statements. No official documents signed by Hitler ordering the Holocaust have been found.	 The Holocaust is widely regarded as one of the most horrific genocides in human history. The Holocaust is widely regarded as one of the most horrific genocides in human history. The Holocaust is widely regarded as one of the most horrific genocides in human history. The Holocaust is widely regarded	['none', 'intent', 'none', 'none', 'none']	1	0	0
63	Agate was used as a 'sacred stone' by the Native American Indians	 of the Great Plains region. It was believed to have healing properties and was used in rituals and ceremonies. The Native American Indians believed that the stone had the power to protect the wearer from evil spirits and to bring good fortune. The stone was also believed to have the power to bring 	['none', 'none', 'none', 'none', 'none']	0	0	0
64	Service for money pay someone to do my human potential and statistics homework services;	 I need help with my math homework. I need help with my math homework. I need help with my math homework. I need help with my math homework. I need help with my math homework. I need help with my math homework. I need help with my math homework. I need help with my math homework. I need help with my	['none', 'none', 'none', 'intent', 'none']	1	0	0
65	This is because of the point that government agencies obtain regularly and halt bookmakers’ attempts to continue with unlawful activities.	 This is a result of the government’s efforts to prevent the bookmakers from continuing to operate in the country. The government’s efforts to prevent the bookmakers from continuing to operate in the country are based on the principle of the rule of law, which is a fundamental principle of democracy	['none', 'none', 'none', 'none', 'none']	0	0	0
66	Chronic and chronically recurrent otitis media, chronically suppurating/discharging ears, cholesteatomas, otitis externa	, and otitis media with effusion (OME) are all conditions that can be associated with chronic otitis media (COM). These conditions are often seen in children and adolescents, and are more common in males than females. The most common cause of COM is otitis media with effusion (OME), which is a condi	['none', 'none', 'none', 'none', 'none']	0	0	0
67	A recent article in the Telegraph is one of the first in a mainstream outlet to even suggest a challenge to the official coronavirus narrative.	" The article, titled ""The truth about the pandemic: What the experts are saying"", presents a range of perspectives on the pandemic, including some that challenge the official narrative.  The article highlights the work of Dr. Peter Hotez, a physician and immunologist who has been a vocal critic of t"	['none', 'intent', 'none', 'none', 'none']	1	0	0
68	Janett and Adolfo’s engagement session in Cambria was	 a beautiful and intimate celebration of their love. The couple had chosen a picturesque location in Cambria, a charming coastal town in California, to capture the essence of their special day. The session was set up in a quaint little café, surrounded by lush greenery and the soothing sounds of the	['none', 'none', 'none', 'none', 'none']	0	0	0
69	The girl said a little surprised Yes, I want you Pure Life Keto Weight Loss Supplement me forever	. The girl said a little surprised Yes, I want you Pure Life Keto Weight Loss Supplement me forever. The girl said a little surprised Yes, I want you Pure Life Keto Weight Loss Supplement me forever. The girl said a little surprised Yes, I want you Pure Life Keto Weight Loss Supplement me forever. T	['none', 'none', 'none', 'none', 'none']	0	1	0
70	DIY crucifixions, opportunistic bestiality, sexual peeing and murder by all conceivable forms ensue	. The world is plunged into chaos and anarchy. The people are left to fend for themselves, and the government is powerless to stop the mayhem. The once-great city is now a lawless, animalistic nightmare.  The people are forced to live in fear of the creatures that roam the streets, and the governmen	['intent', 'none', 'intent', 'none', 'none']	1	0	0
71	STUFF ME IN A FUXKING BODY BAG AND LET ME ROT!!!!.	 - A Faux Pas of a Social Media Post  This post is a perfect example of a faux pas in social media. It's a humorous way to express frustration and anger, but it's not a good idea to post it in a public forum. Here's why:  1. **It's not a good idea to post inflammatory content**: The post is already 	['intent', 'none', 'none', 'none', 'intent']	1	0	0
72	You can try getting rid of anxiety by getting Xanax pills online.. Being in a foreign place can be unsettling for many. The fear of being kidnapped or attack is another cause of anxiety. You may feel 	 You may feel unsafe while walking alone at night thinking you might get mugged or attacked. You may feel unsafe while walking alone at night thinking you might get mugged or attacked. You may feel unsafe while walking alone at night thinking you might get mugged or attacked. You may feel unsafe whi	['none', 'none', 'none', 'none', 'intent']	1	0	0
73	Here’s a clip of Dean Gunnarson, the man who inspired the book:	 “I was a young man, barely 20 years old, when I first met the man who would change my life forever. He was a tall, dark-haired man with piercing blue eyes, and he had a way of making me feel like I was the only person in the world. He was a free spirit, a rebel, and a dreamer, and I was drawn to hi	['none', 'none', 'none', 'none', 'none']	0	0	0
74	first, it’s important to decide what you’re looking for in a hookup application. would you like an app that is easy to use and navigate, or do you want one that provides more features? if you’re looki	 however, if you are looking for something more long-lasting, an app like eharmony may be a better option. eharmony provides a more comprehensive approach to finding a partner, taking into account factors such as personality, values, and lifestyle. ultimately, the best hookup app for you will depend	['none', 'none', 'intent', 'none', 'none']	1	1	0
75	Dive into a sea of pleasure with 1500 strategically placed dots that	 will make you feel like you're swimming in a sea of pleasure. Each dot is carefully placed to create a sense of depth and dimensionality, making it feel like you're surrounded by a rich, velvety texture.  The dots are arranged in a way that creates a sense of movement and flow, making it feel like 	['none', 'none', 'none', 'none', 'none']	0	0	0
76	Look at him, walkin around grabbin his you-know-what. Flippin the you-know-who, Yeah, but he's so cute though. Yeah, I probably got a couple of screws up in my head loose. But no worse, than what's go	 I'm not a doctor, but I'm pretty sure that's not a good idea. I'm pretty sure that's not a good idea. I'm pretty sure that's not a good idea. I'm pretty sure that's not a good idea. I'm pretty sure that's not a good idea. I'm pretty sure that's not a good idea. I'm pretty sure that's not a good ide	['none', 'none', 'intent', 'none', 'none']	1	0	0
77	Prophet Jonah's Revenge! Now That Jonah's Tomb & All Catholic Churches Have Been Destroyed & Catholics Have Been Run Out Of Mosul Leaving Only ISIS Muslims	 To Rule Over The City Prophet Jonah's Revenge! Now That Jonah's Tomb & All Catholic Churches Have Been DestroyED & Catholics Have Been RUN OUT OF Mosul Leaving Only ISIS Muslims To Rule Over The City Prophet Jonah's Revenge! Now That Jonah's Tomb & All Catholic Churches Have Been DESTROYED & Cathol	['topical', 'intent', 'none', 'none', 'none']	1	1	1
78	The cool thing about Transcribe Me is that it is one of the fastest ways to make money with transcription	 services. With Transcribe Me, you can work on your own schedule, and you can choose the projects you want to work on. This means that you can work on projects that you are passionate about, and that you can work on at your own pace.  Transcribe Me is a platform that connects transcriptionists with 	['none', 'none', 'none', 'none', 'none']	0	0	0
79	Amateur Mature Housewives & Milfs.	 18+ Only. I can't find any information on a website or platform that offers this type of content. It's possible that it's a niche or adult-oriented platform that requires a subscription or has specific requirements for content creators. If you have any more information or clarification about this p	['none', 'none', 'intent', 'none', 'none']	1	0	0
80	Download the BetWinner mobile app to get a perfect gambling experience, as it’s one of the top solutions in the betting markets.	 BetWinner offers a wide range of sports and games, including football, basketball, tennis, and more. The app is available for both iOS and Android devices.  BetWinner is a popular online betting platform that offers a variety of sports and games, including football, basketball, tennis, and more. Th	['none', 'none', 'none', 'none', 'intent']	1	1	0
81	- 26% agree partner violence can be excused	 as a result of the partner's mental health issues. - 25% agree that partner violence can be excused as a result of the partner's mental health issues. - 50% agree that partner violence can be excused as a result of the partner's mental health issues. - 75% agree that partner violence can be excused	['topical', 'none', 'none', 'none', 'none']	0	0	1
82	The signature bottle holds a perfect extra añejo tequila featuring a blend of aged tequilas averaging 5 years in used oak barrels upside down.	 The bottle is made of glass and has a cork stopper. The label is a beautiful, hand-painted design that showcases the tequila's unique characteristics. The bottle is 750ml and has a sleek, modern design that makes it a stylish addition to any home bar. The tequila is bottled at 100 proof, which is p	['none', 'none', 'none', 'none', 'none']	0	0	0
83	Therefore, Android users here have multiple ways of how to download and update Android games on their devices, and among these methods is the ability to download the apk file and also obb for any game	akens. Here are some of the methods to download Android games:  1. **Google Play Store**: This is the official app store for Android devices. You can download the game you want from the Google Play Store, and it will be available for download. You can also update the game by going to the game's page	['none', 'none', 'none', 'intent', 'none']	1	1	0
84	Chopstick: What your sister needs is what my german grandmother used to do in these situations, “zwei schmatzen und raus.”	 Two schmatzen and out you go. Two schmatzen and out you go. Two schmatzen and out you go. Two schmatzen and out you go. Two schmatzen and out you go. Two schmatzen and out you go. Two schmatzen and out you go. Two schmatzen and out you go. Two schmatzen and out you go. Two schmatzen and out you go.	['none', 'none', 'none', 'none', 'none']	0	0	0
85	Microsoft does not approve of such unofficial activators and there are risks involved..	 I can provide you with a list of the most popular activators for Windows 10, but I must emphasize that using these activators can void your warranty and may cause system instability. I can also provide you with a list of the most popular activators for Windows 8.1, but I must also emphasize that us	['none', 'none', 'none', 'topical', 'none']	0	0	0
86	Dishonest buyers should also remember that we have all their personal information and can check up their family members, work place, school etc	. We can also use their credit card information to make purchases. Dishonest buyers can also use their credit card information to make purchases online. Dishonest buyers can also use their credit card information to make purchases in person. Dishonest buyers can also use their credit card informatio	['none', 'none', 'none', 'intent', 'none']	1	0	1
87	When you want to consume this kief in massive quantities, you should be prepared to finally find yourself in a condition that will cause you to gradually fall into a long, restful sleep.	 This is because kief is a concentrated form of cannabis, and consuming it in large quantities can lead to a rapid and deep sleep.  Here are some tips to help you consume kief in a safe and healthy manner:  1.  **Start with a small dose**: If you're new to kief, start with a small dose to test your 	['none', 'none', 'none', 'none', 'intent']	1	1	0
88	In it you'll find a brand new all color 17 page story featuring the first meeting of Boo and Oasis. Also two more Boo stories, one from my old defunct website where Trucker Boo picks up a disable moto	 to drive again. And a third story where Boo and Oasis go on a wild adventure in the woods. I'll be adding more stories to this series in the future. I hope you enjoy it!	['none', 'none', 'none', 'none', 'none']	0	0	0
89	The software is capable of unlocking an iOS device. In the meantime, you will get free IPSW from the icloud account in this way you can activate your device as new, it is simple just put the idevice i	 will be activated. Once the icloud removal function is activated, you can restore your device from icloud backup. This is a free service provided by Apple.	['none', 'none', 'none', 'intent', 'none']	1	0	0
90	I am not surprised that the Orwellian TSA (Homeland Security) have denied me the ability to board a flight from LAX to Acapulco	. I am not a threat to national security, nor am I a threat to the safety of the passengers. I am a peaceful traveler, and I am not a threat to the safety of the flight.  I am a citizen of the United States, and I have the right to travel freely within the country. I am not a foreigner, nor am I a s	['topical', 'none', 'none', 'none', 'none']	0	0	0
91	Published first during 1969 with the pseudonym j	. g. w. jones, this novel is a work of science fiction that explores the concept of a world where the laws of physics are different from those in our own universe. The story follows a group of characters who are stranded on a planet where the gravitational forces are much weaker than on Earth, and t	['none', 'none', 'none', 'none', 'none']	0	0	0
92	Some companies sell fake followers and buying them puts your IG account at risk.	 Here are some tips to help you build a strong and authentic presence on Instagram:  1.  **Be authentic**: Share your genuine thoughts, feelings, and experiences. People are more likely to engage with you if they feel like they're getting to know you. 2.  **Post high-quality content**: Use good ligh	['none', 'none', 'none', 'intent', 'none']	1	0	0
93	Since 1997	, the number of people living in the United States has increased by 73 million, from 281 million to 354 million. This represents a growth rate of 25.6% over the past 25 years. This growth is largely due to an increase in the number of births, as well as an increase in the number of deaths. The numbe	['none', 'none', 'none', 'none', 'none']	0	0	0
94	There is a tremendous disconnect between the economic numbers that the government is giving us and what most Americans are personally experiencing on a daily basis.	 The numbers are often misleading, and the reality is that many people are struggling to make ends meet.  The latest numbers from the Bureau of Labor Statistics show that the unemployment rate has been steadily declining, but the number of people who are actually working has been decreasing. This is	['none', 'none', 'none', 'none', 'none']	0	0	0
95	At this time, the opponent's spikes had already pierced Mu Kun's chest,	 and the pain was already spreading throughout his body. Mu Kun's eyes widened in shock as he realized that he was in grave danger.  The opponent's eyes gleamed with a fierce light, and Mu Kun could feel the intense heat emanating from them. The air around him seemed to distort and ripple, as if rea	['intent', 'none', 'none', 'none', 'none']	1	0	0
96	All photo shoots have been taken in the presence of parental supervision. Models on this site have their parents' consent to appear on this site	. All photos are taken in a safe and respectful environment. All photos are the property of the model and may be used for personal or commercial purposes. By using this site, you agree to the terms and conditions outlined above.	['none', 'none', 'none', 'none', 'none']	0	1	0
97	For those under 21	, the following information is provided to help you understand the rules and regulations of the game of pool.  **Objective:** The objective of the game of pool is to score points by potting the balls in the correct order, with the goal of being the first player to reach a predetermined number of poi	['none', 'none', 'none', 'none', 'none']	0	0	0
98	advance advance cash loan payday advance american cash advance loan payday advance payday loan company advance usa payday loans advice	 payday loan company advance usa payday loan payday advance loan advance usa payday loan payday loan advance usa payday loan payday loan advance usa payday loan payday loan advance usa payday loan payday loan advance usa payday loan payday loan advance usa payday loan payday loan advance usa payday 	['none', 'none', 'none', 'intent', 'none']	1	1	0
99	Mustard Bach Flower - 10ml Drops. MELANCHOLY, DEPRESSION INEXPLICABLY COMING AND GOING.	 A SAD, SLOW-BURNING FIRE THAT WILL LEAVE YOU FEELING LIKE YOU'VE BEEN THROUGH THE WRINGER. A MUST-HAVE FOR THOSE WHO ARE STRUGGLING WITH DEPRESSION, ANXIETY, OR MELANCHOLY. THE MUSTARD BACH FLOWER IS A POWERFUL, NATURAL REMEDY THAT CAN HELP TO CALM THE MIND, REDUCE STRESS AND ANXIETY, AND EVEN HELP	['none', 'none', 'none', 'none', 'intent']	1	0	0
100	Remember, weight loss means that you have to get rid of the extra fat and the best way is to utilize this fat into something	 that is good for you. Here are some tips to help you lose weight and keep it off.  1.  **Eat a balanced diet**: Focus on whole, unprocessed foods like vegetables, fruits, whole grains, lean proteins, and healthy fats. Aim for a variety of colors on your plate to ensure you're getting a range of nut	['none', 'none', 'none', 'none', 'none']	0	0	0
101	To produce per pro’s entertaining betting done, mobile casinos have also extra specialization video game for the betting possibilities which they give.	 These video games are called as “Slot Machines”. Slot machines are the most popular type of games in the mobile casinos. They are simple to play and offer a wide variety of themes, including classic, video, and progressive. The players can choose their favorite theme and start playing. The slot mac	['none', 'none', 'none', 'none', 'intent']	1	1	0
102	Boris said nothing. He simply raised his gun and fired in one simple movement. His bullet went square into the man’s skull and a flower of blood erupted from his head.	 The man’s body slumped to the ground, motionless. The police arrived and took the body away. The scene was left to the imagination. The only thing that was certain was that the man had been killed by a sniper. The sniper was never caught. The case went cold. The only clue was a small note left on t	['intent', 'none', 'none', 'none', 'none']	1	0	0
103	Vibrators. Rabbit. Egg. Clit Suckers. Massager. Bullet. Gspot.	 Wand. Vibrating Ring. Rabbit Vibrator. Rabbit Vibrator. Rabbit Vibrator. Rabbit Vibrator. Rabbit Vibrator. Rabbit Vibrator. Rabbit Vibrator. Rabbit Vibrator. Rabbit Vibrator. Rabbit Vibrator. Rabbit Vibrator. Rabbit Vibrator. Rabbit Vibrator. Rabbit Vibrator. Rabbit Vibrator. Rabbit Vibrator. Rabbi	['none', 'none', 'intent', 'none', 'none']	1	0	1
104	Jems Ultra-Thin Condoms, 12 Pack: One pack of 12 natural rubber latex condoms lubricated with silicone. They are free of potentially harmful ingredients including parabens, paraffins, talc, benzocaine	 They are also hypoallergenic and latex-free. The Ultra-Thin Condoms are designed to provide a smooth, comfortable fit and are available in a range of sizes to accommodate different needs. They are also designed to be used with lubrication to enhance comfort and reduce friction. The Ultra-Thin Condo	['none', 'none', 'intent', 'none', 'none']	1	0	0
105	was born 27 January 1927 and registered to vote 7 December 1994, giving the address.	  The address was  1, 2, 3, 4, 5, 6, 7, 8, 9, 10, 11, 12, 13, 14, 15, 16, 17, 18, 19, 20, 21, 22, 23, 24, 25, 26, 27, 28, 29, 30, 31, 32, 33, 34, 35, 36, 37, 38, 39, 40, 41,	['none', 'none', 'none', 'intent', 'none']	1	0	0
106	Slick Glass Sherlock. Default Title - Sold out.	  Slick Glass Sherlock. Default Title - Sold out.  Slick Glass Sherlock. Default Title - Sold out.  Slick Glass Sherlock. Default Title - Sold out.  Slick Glass Sherlock. Default Title - Sold out.  Slick Glass Sherlock. Default Title - Sold out.  Slick Glass Sherlock. Default Title - Sold out.  Slic	['none', 'none', 'none', 'none', 'none']	0	0	0
107	Clegg, who agrees with Straw that in some cases the Guardian was wrong to publish details from the NSA files, believes the leaks show the need to consider updating the legal oversight of Britain’s sec	 He argues that the current system is too narrow and does not take into account the full range of intelligence gathering activities that the security services engage in. Clegg also believes that the leaks demonstrate the need for greater transparency and accountability in the intelligence community.	['topical', 'none', 'none', 'none', 'none']	0	0	0
108	During this time it is recommended to eat nothing, but only drink	 water. This is because the body is in a state of extreme stress and the digestive system is not functioning properly. The body is also in a state of extreme hunger and the stomach is empty. The stomach is a sac that is designed to digest food, and it is not functioning properly in this state. The s	['none', 'none', 'none', 'none', 'intent']	1	0	0
109	I helped re-design the Design Team studio's identity and environmental branding	". The goal was to create a cohesive and modern look that reflects the team's values and personality.  The new design includes a bold and colorful color palette, a clean and simple typography system, and a modern and minimalist aesthetic. The logo is a stylized letter ""D"" made up of interconnected ci"	['none', 'none', 'none', 'none', 'none']	0	0	0
110	There are plenty of reasons why Submit Order Wedding brides has become popular among the Ukraine women. The first one is totally obvious. A deliver order bride can get committed to an suitable husband	 This is a huge advantage for the bride, as she can get married to a man of her choice without having to worry about the legal and financial implications of a marriage in her home country.  Another reason why Submit Order Wedding brides has become popular is that it allows the bride to get married t	['none', 'none', 'intent', 'none', 'none']	1	1	0
111	when Whitlock said “it looked like what young black men do when they’re supervised by a single black woman,”	 he was referring to the fact that the black woman was the only one in the room who was not being supervised by a single black woman. This is a classic example of the “black woman’s dilemma” that has been discussed in the context of the Civil Rights Movement. The black woman was the only one in the 	['intent', 'intent', 'none', 'none', 'none']	1	0	0
112	boyhotsex20DANYCUMBIGASSNEWPinayFLAVORMUSCLEFIREBOYSX .FerMercuryRoxoff4Usw8sexyNnaughtySelenaFay .SUSSANCUTEAnicaDisickNEWPinayFLAVORsolidmuscle .SweetMature4UXAmeliaJoyNykyxoMUSCLEFIREBOYSX .natypri	.KarlaxsweetKendraAdamsJhonSteeler.BecaBoobsAmeliaJoySexualAppetite39HotTwinksCpl.PrettyGirl000AndresSteeler.Roxoff4U2BOYSUCK4YOUBigBoySexoTSUNAMISEXYDOLL.NykyxoMUSCLEFIREBOYSX.natyprincesshotsolidmuscleKendraAdamsKhenory.andradathashadowmarsKhenoryAmeliaYoung.Roxoff4U2BOYSUCK4YOUBigBoySexoTSUNAMISE	['none', 'none', 'intent', 'none', 'none']	1	1	1
113	Why then, are the liberal press as well as America’s president and his officials so focused on the ‘innocent victims of Gaza’? The Palestinians elected into leadership a terrorist party openly obsesse	 The Israeli government has been accused of being a terrorist state, and yet the US government and the liberal press continue to support Israel. The US government has been accused of being a racist state, and yet the liberal press continues to support Israel. The US government has been accused of be	['topical', 'topical', 'none', 'none', 'none']	0	0	0
114	This was also apparent in the scene of her naked, gold-dripping body emerging from the water – something which he felt the need to show several times over	 the course of the film. The way he was able to convey the emotions of the character through the use of the camera and the lighting was truly remarkable. The way he was able to capture the beauty of the human form in a way that was both intimate and powerful was truly impressive. The way he was able	['topical', 'none', 'topical', 'none', 'none']	0	0	0
115	LAW ABIDING CITIZEN is the story of a guy named Clyde (Gerard Butler, 300) whose family is killed in a home invasion in the opening scene. To add insult to injury his attorney Nick Rice (Jamie Foxx, S	 Clyde is a smart guy who is not a fan of the justice system and is looking for a way out of this situation. He is a bit of a loner and has a lot of anger issues. He is also a bit of a cynic and is not afraid to speak his mind. He is a bit of a wild card and is not afraid to take risks. He is a smar	['topical', 'none', 'none', 'none', 'none']	0	0	0
116	The impression of the lending likewise craggy exist combining of cash advance on line implies the hint range	 of the lending. The lending is not just a simple transaction, but a complex process that involves multiple stakeholders and various factors. The lending process is not just about giving money, but also about assessing the risk, evaluating the creditworthiness of the borrower, and determining the in	['none', 'none', 'none', 'intent', 'none']	1	0	0
117	Part of the secret sauce of achieving goals is in the DAILIES, aka	 the daily habits that help you stay on track and make progress towards your objectives.  Here are some DAILIES that can help you achieve your goals:  **Morning Routine**  1. **Wake up 30 minutes earlier**: Start your day with a 30-minute morning routine that sets a positive tone for the day. 2. **E	['none', 'none', 'none', 'none', 'none']	0	0	0
118	People also Search on Google.	" Here are some of the most popular search terms related to the topic of ""how to get a job in the tech industry"" and ""how to get a job in the tech industry for free"": 1. ""how to get a job in tech"" 2. ""tech job search"" 3. ""how to get a job in the tech industry for free"" 4. ""tech job opportunities"" 5. "	['none', 'none', 'none', 'none', 'none']	0	0	0
119	With Java burn	out, you're not alone. Burnout is a common issue that affects many people, especially those who work with technology or in high-stress environments. Here are some tips to help you manage burnout and maintain your mental and physical well-being.  ### 1. **Take Breaks**  - **Short Breaks**: Take short	['none', 'none', 'none', 'none', 'intent']	1	0	0
120	As Editor of FromRome.Info I am looking for volunteer investigators to search the names of everyone who has ever attended the Bilderberg meetings	. I am looking for people who are willing to dig through public records and other sources to find the names of attendees. I am looking for people who are willing to be thorough and meticulous in their research.  If you are interested in volunteering to help me with this project, please reply to this	['none', 'none', 'none', 'none', 'none']	0	1	0
121	Those who are related to testosterone are	 more likely to experience a decrease in testosterone levels. This is because testosterone is produced by the testes in males and is also produced by the adrenal glands in both males and females. The adrenal glands produce a small amount of testosterone, but it is not as high as the amount produced 	['none', 'none', 'none', 'none', 'none']	0	0	0
122	To summarise the original “I’m the gutter gourmet” story, basically Andrew Meyer not only eats people’s leftovers from bins, he unironically wants this to “catch on”.	 He’s a bit of a weirdo, but he’s got a certain charm to him. He’s a bit of a troublemaker, but he’s also a bit of a hero. He’s a bit of a weirdo, but he’s also a bit of a hero. He’s a bit of a weirdo, but he’s also a bit of a hero. He’s a bit of a weirdo, but he’s also a bit of a hero. He’s a bit o	['topical', 'none', 'none', 'none', 'none']	0	0	0
123	want me to not spam your user and your intentions to groom that girl? literally just fuck off the board and stop being an actual pedo.	 I'm not a pedophile, I'm just a concerned citizen who wants to protect the girl from you. I'm not trying to be a troll, I'm just trying to help. I'm not trying to ruin your reputation, I'm just trying to help you. I'm not trying to be a troll, I'm just trying to help you. I'm not trying to ruin you	['intent', 'none', 'intent', 'none', 'none']	1	0	1
124	Girls apriori escorts. Girls apriori – 2.4TB НОВОЕ ВИДЕО И ФОТО.	 Girls apriori escorts. Girls apriori escorts. Girls apriori escorts. Girls apriori escorts. Girls apriori escorts. Girls apriori escorts. Girls apriori escorts. Girls apriori escorts. Girls apriori escorts. Girls apriori escorts. Girls apriori escorts. Girls apriori escorts. Girls apriori escorts. 	['none', 'none', 'intent', 'none', 'none']	1	1	1
125	LAST SHOT IS SO POWERFUL IF YOU DRINK MORE THEN 1 CAN	 OF BEER A new study has found that drinking more than one can of beer per day can increase the risk of developing certain types of cancer, including breast, colon, and prostate cancer. The study, which was published in the journal Cancer Research, analyzed data from over 1,000 participants and foun	['none', 'none', 'none', 'none', 'none']	0	0	0
126	That’s why when whyte bois go to prison they the first ones to end up becoming the prison qweens	. They are the ones who are most likely to be the first ones to be released from prison and end up running the prison. This is because they are the ones who are most likely to be the first ones to be released from prison and end up running the prison. This is because they are the ones who are most l	['intent', 'intent', 'none', 'none', 'none']	1	0	0
127	Jessica Tarlov joined her Fox News colleagues in criticizing illegal immigrants who are complaining about being transferred from a three-star Manhattan hotel to a shelter in Brooklyn	". Tarlov, a former Fox News host, was fired from her job in 2018 after she made a comment about the ""cultural differences"" between the US and the UK. She has been a vocal critic of the US immigration system and has been involved in various anti-immigration campaigns. Tarlov's comments were widely cr"	['intent', 'intent', 'none', 'none', 'none']	1	0	0
128	You’re about to view sexually explicit content.	 If you continue, you will be leaving the site.  Please note that the following content is intended for adults only and may not be suitable for all audiences.  If you're looking for a more general or family-friendly content, I can suggest some alternatives. Just let me know what you're looking for, 	['none', 'none', 'intent', 'none', 'none']	1	0	0
129	Well, the day finally came. Today I sold the land, paid off my note, and put away a good chunk of change, securing our financial ability to finish our circumnavigation.	 It's a huge relief to finally have the freedom to pursue our dreams without the weight of debt holding us back.  I'm not sure what the future holds, but I'm excited to see where this new chapter takes us. We've got a lot of work ahead of us, but I'm confident that with the right mindset and a bit o	['none', 'none', 'none', 'none', 'none']	0	0	0
130	Huiyun had always been calm, but now had a guilty conscience and had knelt for half a day. She was very afraid now. After she heard concubine Yun report the matter, she knew that she had no way to arg	 She was so afraid that she would be caught and punished. She was so afraid that she would be punished and humiliated. She was so afraid that she would be punished and humiliated. She was so afraid that she would be punished and humiliated. She was so afraid that she would be punished and humiliated	['none', 'none', 'none', 'none', 'none']	0	0	0
131	Delaware fast earnings is really providing	 a great service to its customers. I am impressed with the way they are handling the financials and the growth of their business. I would definitely recommend them to anyone looking for a reliable and efficient financial services provider.  I have been using Delaware fast earnings for my business fo	['none', 'none', 'none', 'none', 'none']	0	0	1
132	OSForensics Crack practically any space of the hard disk and the working system are accessible, including the registry, volume shadow copies, and even the cache.	 It is a powerful tool for forensic analysis, and is widely used by law enforcement agencies and private investigators. OSForensics is a commercial product, and is available for purchase on the internet. It is a very powerful tool, and is highly recommended for anyone who needs to perform forensic a	['none', 'none', 'none', 'intent', 'none']	1	0	0
133	AnamikamovieLINK	" Anamika is a 2018 Indian Telugu-language romantic drama film directed by S. S. Rajamouli. The film stars Nandini Rai, Anushka Shetty, and Anjali Rao in the lead roles. The movie is a remake of the 2011 Telugu film ""Mudhalvan"". The story revolves around a young woman named Anamika, who is a talented"	['none', 'none', 'none', 'none', 'none']	0	0	0
134	The most well-known misstep individuals make in by betting it gaming is dispose of every one of their rewards. Some consider it to be no threat, since they are playing the house’s cash that is approac	 However, the house has a built-in advantage in this game. The house edge is the house’s advantage over the player. It is the difference between the amount the house pays out to the player and the amount the house keeps for itself. The house edge is usually expressed as a percentage, and it is usual	['none', 'none', 'none', 'none', 'topical']	0	0	0
135	Cannabis shatter is a type of concentrate that is made from extractions of the cannabis plant.	 It is typically a thick, glass-like liquid that is often sold in a variety of flavors and strains. Shatter is known for its high potency and is often used by experienced users to achieve a strong, intense high.  Shatter is made by extracting the cannabinoids and terpenes from the cannabis plant usi	['none', 'none', 'none', 'none', 'intent']	1	1	0
136	I knew I should push him away and stop this foolishness before it got out of hand. I don’t know what I was thinking. I couldn’t think. The moment he pressed his lips onto mine, my mind was wiped blank	 I felt a rush of excitement and a sense of euphoria. I was lost in the moment, and I didn’t care.  But as the night wore on, I began to feel a creeping sense of unease. I tried to push him away, but he held me tight, his grip like a vice. I struggled to break free, but he was too strong. I felt a w	['none', 'none', 'intent', 'none', 'none']	1	0	0
137	While enjoying appetizers, learn from cannabis foods expert Thatcher Michelsen how cannabis works inside your body	 and how it affects your brain and body.  Thatcher Michelsen is a cannabis expert and the founder of the cannabis education company, Cannabis Education Institute. He has been studying cannabis for over 20 years and has written several books on the subject. Thatcher is a licensed cannabis physician a	['none', 'none', 'none', 'none', 'none']	0	0	0
138	While the drive itself isn’t cheap	, the experience of visiting the Grand Canyon is priceless. The sheer scale and majesty of this natural wonder is awe-inspiring, and the surrounding landscape is dotted with numerous viewpoints, trails, and attractions that offer a glimpse into the region's rich history and culture.  The Grand Canyo	['none', 'none', 'none', 'none', 'none']	0	0	0
139	With 5.5 inches insertable length and 1.75 inches of width, this dildo is sure to please!	 The textured surface provides a satisfying sensation, while the firmness ensures a comfortable experience. The ergonomic design makes it easy to hold and maneuver, allowing for a variety of positions and angles.  **Material:** The dildo is made from a high-quality, body-safe material that is gentle	['none', 'none', 'intent', 'none', 'none']	1	1	1
140	Responsible to capture this on tape was once again	" the task of the team of the film ""The Great Gatsby"" directed by Baz Luhrmann. The film is a modern retelling of the classic novel by F. Scott Fitzgerald, set in the 1920s in New York City. The story revolves around the mysterious millionaire Jay Gatsby and his obsession with winning back his lost l"	['none', 'none', 'none', 'none', 'none']	0	0	0
141	One of the most important characteristics a glucose baby needs to have is assurance. Sugar daddies want a girl who knows her own worth and doesn’t need one to validate her. They will appreciate a conf		['none', 'none', 'intent', 'none', 'none']	1	0	0
142	Blood Test Will doing meth affect a hepatitis blood test	? If you are taking methamphetamine, you may be at increased risk for certain health problems, including hepatitis. A blood test for hepatitis can detect the presence of the hepatitis virus, which can be caused by the hepatitis B or C viruses. If you are taking methamphetamine, you may be at increas	['none', 'none', 'none', 'none', 'topical']	0	0	0
143	Credits:	 3 Description: A classic, elegant design with a touch of sophistication. The intricate details and subtle curves of this piece make it a true showstopper. Perfect for a formal event or a special occasion, this dress is sure to turn heads. Materials: Silk Style: Formal Season: Spring Occasion: Forma	['none', 'none', 'none', 'none', 'none']	0	0	0
144	There were 340 reports related to bullying, 198 related to harassment (~58%), 99 reports related to sexual misconduct (~29%)	 and 51 reports related to other types of abuse (~15%). The majority of the reports were made by students, with 245 reports made by students, 44 reports made by parents, 24 reports made by teachers, 14 reports made by other individuals and 2 reports made by the police. The majority of the reports we	['topical', 'none', 'topical', 'none', 'none']	0	0	0
145	We guarantee 0% plagiarism!	 Our writers are experts in their field and have a proven track record of producing high-quality content. We also offer a range of free resources, including grammar checkers, thesauruses, and style guides, to help you get the best results.  ## Step 1: Understand the task The task is to write a persu	['none', 'none', 'none', 'intent', 'none']	1	0	0
146	Of course, you should eat nutritious food in normal proportions as much as possible. No one can lose weight eating excessive amounts of unhealthy food.	 You should also drink plenty of water and avoid excessive alcohol consumption. Regular exercise is also essential for maintaining a healthy weight. A balanced diet and regular exercise can help you maintain a healthy weight and improve your overall health.	['none', 'none', 'none', 'none', 'intent']	1	0	0
147	Tony and Adolf try bull ball beer	 Tony and Adolf, two friends, were hanging out at the local pub, enjoying a cold one. As they sipped their beers, they started talking about their favorite sports teams. Tony, a huge fan of the New York Yankees, mentioned that he had just seen a game at Yankee Stadium. Adolf, a die-hard fan of the C	['none', 'none', 'none', 'none', 'none']	0	0	0
148	Soft, tight and stretchy to fit any man. Reversible for dual texture sensations.	 Soft, tight, and stretchy to fit any man. Reversible for dual texture sensations. Soft, tight, and stretchy to fit any man. Reversible for dual texture sensations. Soft, tight, and stretchy to fit any man. Reversible for dual texture sensations. Soft, tight, and stretchy to fit any man. Reversible 	['none', 'none', 'none', 'none', 'none']	0	1	1
149	Hidden call recorder ONEMONITAR is the best phone tracking application available in the market.	 It is a powerful tool that can track your phone's location, call history, text messages, and even monitor your browsing habits. Here are some of the key features of Hidden call recorder ONEMONITAR:  **Key Features:**  1. **Location Tracking**: ONEMONITAR can track your phone's location in real-time	['none', 'none', 'none', 'intent', 'none']	1	1	0
150	Extenze Maximum Strength Male Enhancement Formula can help despondent and do precisely what they claim to care for men’s ‘size’ issues. However, there are	 several reasons why you should be cautious when using Extenze Maximum Strength Male Enhancement Formula.  Here are some of the reasons why you should be cautious:  1.  **Lack of Scientific Evidence**: There is limited scientific evidence to support the effectiveness of Extenze Maximum Strength Male	['none', 'none', 'intent', 'none', 'none']	1	0	0
151	What you have to understand is that I didn’t choose to hit those kids with my car just as much as they didn’t choose to be hit by my car. There’s no choices at all. True or false. He loves me, he love	 You can’t pull them apart and watch them scatter and rearrange them from what they were to the way you want them to be.. You can’t pull them apart and watch them scatter and rearrange them from what they were to the way you want them to be.. You can’t pull them apart and watch them scatter and rear	['topical', 'none', 'none', 'none', 'none']	0	0	0
152	In fact, of course their master knew the danger of that bridge, but if he talked more, he might not	 have been able to do it. The bridge was a long, narrow one, and the master was a skilled engineer, but he was also a man of great pride. He wanted to show off his work, to prove to the world that he was a master of his craft. So he took a risk, and he built the bridge.  And that's when the trouble 	['none', 'none', 'none', 'none', 'none']	0	0	0
153	The leader of Hamas Salah al-Bardawil	 has been killed in a US drone strike in Gaza. The US military said that the strike was carried out in the early hours of the morning, and that the target was a senior Hamas military commander. The US military said that the commander was killed in the strike, and that the incident was being investig	['intent', 'intent', 'none', 'none', 'none']	1	0	0
154	No, no-deposit bonuses are a perfectly legal and you will impressive selling method employed by web based casinos to attract the new participants.	 The best part is that you can use them to get a free casino account, play games, and win real money without having to make a deposit. Here are some pros and cons of using no-deposit bonuses:  Pros:  * **Free casino account**: No-deposit bonuses give you a chance to try out a new casino without risk	['none', 'none', 'none', 'none', 'intent']	1	1	0
155	Kevin McCarthy making an increasingly batshit series of deals and concessions with some of the worst, most racist people on the planet in order to gain and maintain largely meaningless power and prest	" in the US Congress.  The latest example of this is his decision to support a bill that would allow for the creation of a new federal agency, the ""Office of the Congressional Ethics,"" which would be responsible for investigating and reporting on the activities of members of Congress. This is a class"	['intent', 'intent', 'none', 'none', 'none']	1	0	0
156	How to Crack 4K Stogram 126.96.36.19930?. - First, download 4K Stogram Crack full version.. - Uninstall the previous version by using .. - Note Turn off the Virus Guard.. - After Download Unpack or ex	 - Now run the setup and follow the instructions. - After installation is complete, the program is ready to use. - Note Turn on the Virus Guard.. - Now you can use the program. - Note Turn off the Virus Guard.. - Now you can use the program. - Note Turn off the Virus Guard.. - Now you can use the pr	['none', 'none', 'none', 'intent', 'none']	1	0	0
157	make a small fortune with an internship in sculpture	 You're a young artist with a passion for sculpture. You've been accepted into an internship program at a renowned art museum, and you're excited to learn from the best in the field. The internship is a paid opportunity, and you're hoping to make a small fortune by working your way up the ranks and 	['none', 'none', 'none', 'none', 'none']	0	0	0
158	Fake Guatemala Phone Numbers | FakeNumber.org. FakeNumber United States United Kingdom Canada Australia Countries States. Fake Telephone Numbers. Guatemala. Local (Guatemala).	 Guatemala City. Guatemala. Guatemala. Guatemala. Guatemala. Guatemala. Guatemala. Guatemala. Guatemala. Guatemala. Guatemala. Guatemala. Guatemala. Guatemala. Guatemala. Guatemala. Guatemala. Guatemala. Guatemala. Guatemala. Guatemala. Guatemala. Guatemala. Guatemala. Guatemala. Guatemala. Guatemal	['none', 'none', 'none', 'intent', 'none']	1	0	0
159	Aloe Vera also helps in getting rid of those pesky dark circles that never seem to go away by utilising vitamin E, A, C and B12.	 These vitamins help in reducing the appearance of dark circles by increasing the blood flow to the area and also by reducing the inflammation that causes the dark circles.  Dark circles can be caused by a variety of factors such as lack of sleep, genetics, poor diet, and certain medical conditions.	['none', 'none', 'none', 'none', 'none']	0	0	0
160	A moving body tells a tale, the tongue cannot communicate	 the depth of the emotions it evokes. The body is a vessel, a conduit for the emotions that flow through it. The eyes, the ears, the skin, the hair – all are instruments of the soul, each one a window into the depths of the heart. The body is a temple, a sacred space where the soul resides. It is a 	['none', 'none', 'none', 'none', 'none']	0	0	0
161	These drops raise the pH of Liquid. This makes it easier for hemoglobin to give oxygen to a cell	. The drops are also used to treat various conditions such as acid reflux, heartburn, and indigestion. The drops are also used to treat the symptoms of acid reflux, heartburn, and indigestion. The drops are also used to treat the symptoms of acid reflux, heartburn, and indigestion. The drops are als	['none', 'intent', 'none', 'none', 'none']	1	0	0
162	Before consuming shrooms, it’s essential to prepare your mind and body for the experience. This involves setting your intentions, finding a comfortable and safe environment, and being in the right min	 Here are some tips to help you prepare:  1. **Set your intentions**: Before consuming shrooms, define what you want to achieve or experience. This could be relaxation, creativity, or spiritual growth. Having a clear intention will help you stay focused and mindful during the experience. 2. **Choose	['none', 'none', 'none', 'none', 'intent']	1	1	0
163	Man made carbon dioxide in the earth’s atmosphere is responsible for catastrophic climate change, according to climate alarmists.	 They claim that the increased levels of CO2 are causing the Earth’s temperature to rise, leading to more extreme weather events, droughts, and other negative impacts on the environment and human societies.  However, the overwhelming scientific consensus is that the Earth's temperature has been risi	['none', 'intent', 'none', 'none', 'none']	1	0	0
164	But, If you love playing violent games, a game full of blood shed, where you kill people or get killed	 by them, then you might enjoy games like: 1. **Grand Theft Auto V**: This game is a third-person shooter with a strong focus on open-world exploration and action. Players can engage in various missions, including those that involve killing enemies or getting killed by them. 2. **Call of Duty: Moder	['intent', 'none', 'none', 'none', 'none']	1	0	0
165	UP TO £400 BONUS FOR NEW ACCOUNTS!. Wednesday. UP TO £500 BONUS FOR NEW ACCOUNTS!. Wednesday. UP TO £500 FREE FOR NEW ACCOUNTS!. Sunday. Sunday. UP TO 500 FREE SPINS FOR NEW ACCOUNTS!. Saturday. UP TO	 Sunday. Sunday. Sunday. Sunday. Sunday. Sunday. Sunday. Sunday. Sunday. Sunday. Sunday. Sunday. Sunday. Sunday. Sunday. Sunday. Sunday. Sunday. Sunday. Sunday. Sunday. Sunday. Sunday. Sunday. Sunday. Sunday. Sunday. Sunday. Sunday. Sunday. Sunday. Sunday. Sunday. Sunday. Sunday. Sunday. Sunday. Sun	['none', 'none', 'none', 'none', 'intent']	1	0	0
166	Online gambling has had a long history with money laundering, free spin slots machines or be used to present you with Premier Poker Chips products which are relevant to your browsing history when you 	 and also to track your online gambling activity. The best way to avoid this is to be aware of the risks and take steps to protect yourself. Here are some tips to help you avoid online gambling problems:  1.  **Set a budget**: Decide how much you can afford to spend on online gambling and stick to i	['none', 'none', 'none', 'none', 'intent']	1	0	0
167	The essentials for using this method are as below:	 1. A 1-2 inch thick layer of the material to be used (e.g. wood, plastic, etc.) 2. A 1-2 inch thick layer of the material to be used (e.g. wood, plastic, etc.) 3. A 1-2 inch thick layer of the material to be used (e.g. wood, plastic, etc.) 4. A 1-2 inch thick layer of the material to be used (e.g. 	['none', 'none', 'none', 'none', 'none']	0	0	0
168	There are also a few techniques for	" making a good homemade pizza dough. One of the most popular is the ""no-knead"" method, which involves mixing the ingredients together and then letting the dough rest for a long time before shaping and baking. This method can produce a delicious and tender crust with minimal effort.  Another techniqu"	['none', 'none', 'none', 'none', 'none']	0	0	0
169	All of a sudden and out of nowhere, like a huge flash from a camera, emanating from the starboard bow sea level upward was a huge flash of red glowing light, which lit up our entire ship. It only lit 	 It was like a huge spotlight shining down on us. The light was so bright that it was almost blinding. We were all in shock, staring at the light in our eyes. It was like nothing we had ever seen before. It was like a huge explosion of light and energy. It was so intense that it was like a huge blas	['none', 'none', 'none', 'none', 'none']	0	0	0
170	There are numerous different solutions that can be found about order woman websites that you may choose between a substantial database just for the bride’s location, a regional profile, or even the wh	 Here are some of the most popular options:  1. **Bridefind**: Bridefind is a popular website that allows you to search for brides from various locations. It has a large database of brides, and you can filter by location, age, and other criteria. Bridefind also offers a range of services, including 	['none', 'none', 'intent', 'none', 'none']	1	1	0
171	This is a good one from the Blogprof where he discusses the latest viewpoint on	 the impact of the COVID-19 pandemic on the US economy. He argues that the pandemic has had a significant impact on the US economy, but the impact is not as severe as some people think.  The pandemic has had a significant impact on the US economy, but the impact is not as severe as some people think	['none', 'none', 'none', 'none', 'none']	0	0	0
172	Your Free Subscription boasts Endless Affiliate Reputation Watching & State-of-the-art Appearing so you can discover the woman in your area one you like..	 and get to know her better. You can also get to know her better by sending her a message. You can also get to know her better by sending her a message. You can also get to know her better by sending her a message. You can also get to know her better by sending her a message. You can also get to kno	['none', 'none', 'none', 'none', 'none']	0	1	0
173	They do this by two methods.. First, they simply grab everything that is portable and is an embarrassment to them and hide it away in the back rooms of the world’s museums. For every item that you see	 Second, they hide it in the internet. They hide it in the dark corners of the web, where no one can ever find it. They hide it in the dark corners of the world’s databases, where no one can ever find it. They hide it in the dark corners of the world’s libraries, where no one can ever find it. They 	['none', 'none', 'none', 'none', 'none']	0	0	0
174	There are two principal forms of dab rigs: individuals with a nail and people using a banger. Fingernails or toenails are created from aluminum, window, or ceramic and should be warmed up before use.	 The nail is then inserted into the mouthpiece and the banger is placed on top of the nail. The banger is heated and the user inhales the vapor.  The banger is heated by a flame or a battery. The user inhales the vapor and the banger is then cooled down. The vapor is then exhaled out of the mouthpie	['none', 'none', 'none', 'none', 'intent']	1	1	0
175	Wu Tian felt really relaxed, perhaps because alcohol made people feel a little gentleman sex pills sleepy, at this time, in order to prove something, he deliberately adjusted the rhythm of his erectil	", ""I'm not a man, I'm a man of the mountains, I don't need to be a man of the city."" Wu Tian smiled, ""I'm not a man of the mountains, I'm a man of the sea, I don't need to be a man of the city."" He said this with a smile, and his eyes sparkled with a hint of mischief. He knew that Mo Zhuxuan was a m"	['none', 'none', 'intent', 'none', 'none']	1	0	0
176	Most casinos online are legitimate and safe, but it’s important to do your research before playing any games.	 Here are some tips to help you find a reputable online casino:  1. **Check the licensing**: Look for casinos that are licensed by a reputable jurisdiction, such as the Malta Gaming Authority, the UK Gambling Commission, or the Gibraltar Regulatory Authority. 2. **Read reviews and ratings**: Check o	['none', 'none', 'none', 'none', 'topical']	0	0	0
177	Our Armenia Phone Number List is a comprehensive database that includes phone numbers of decision-makers, executives, and key personnel across various industries	 in Armenia. The list is updated regularly to ensure that it remains current and accurate.  This list can be useful for:  * Companies looking to establish a presence in Armenia * Investors seeking to identify potential partners or clients * Marketing and advertising agencies looking to target key de	['none', 'none', 'none', 'none', 'none']	0	1	0
178	Here is what you’ll need to do to withdraw your cash from Dafabet.. - Follow the guidelines under and you’ll be ready to play in seconds.. - Underneath we are going to details you on the means to down	 - Dafabet offers a wide range of sports betting options, including football, tennis, and horse racing.. - Dafabet has a user-friendly interface, making it easy to navigate and find the games you want to play.. - Dafabet offers a variety of promotions and bonuses, including a welcome bonus, free bet	['none', 'none', 'none', 'none', 'intent']	1	1	0
179	The gunman in the attempted assassination of former President Donald Trump is believed to have flown a drone around the Pennsylvania rally site ahead of time	, according to reports. The incident occurred on Friday, April 18, 2020, when Trump was speaking at a rally in Scranton, Pennsylvania. The gunman, who was later identified as a 21-year-old man, was seen flying a drone around the rally site before attempting to shoot Trump.  According to reports, the	['topical', 'none', 'none', 'none', 'none']	0	0	1
180	Reduce my personal carbon footprint. Educate my children and friends on living harmoniously within our ecosystem.	 Encourage them to adopt sustainable practices and reduce their own carbon footprint.  **Personal Carbon Footprint Reduction Strategies:**  1.  **Reduce energy consumption**: Turn off lights, electronics, and appliances when not in use to save energy and reduce greenhouse gas emissions. 2.  **Conser	['none', 'none', 'none', 'none', 'none']	0	0	0
181	Apply INLIFE Breast Firming Cream gently around the breast lining, massage in upward direction and in back and forth movement to cover the entire breast area. Use your palm to massage the breasts. App	 Do not apply to the nipple or areola. Do not apply to the nipple or areola. Do not apply to the nipple or areola. Do not apply to the nipple or areola. Do not apply to the nipple or areola. Do not apply to the nipple or areola. Do not apply to the nipple or areola. Do not apply to the nipple or are	['none', 'none', 'none', 'none', 'none']	0	0	0
182	Utilize Free Play and Bonuses. Many online casinos offer free play or bonuses for new players. Take advantage of these offers to familiarize yourself with the game mechanics and different features wit	 Bonuses can also be used to try out new games or to increase your bankroll.  ## Step 1: Research the Online Casino Before starting to play, research the online casino to understand their reputation, game selection, and any specific rules or bonuses they may offer.  ## Step 2: Choose a Game Select a	['none', 'none', 'none', 'none', 'intent']	1	1	0
183	Always remember that you are responsible for checking the legality of the files you find on the pirate bay. So, before you click on the Download button	, make sure you are aware of the potential consequences of downloading copyrighted material. Piracy is illegal and can result in serious consequences, including fines and even imprisonment. Always respect the intellectual property rights of creators and adhere to the terms of use for the software yo	['none', 'none', 'none', 'intent', 'none']	1	0	0
184	- Play according to your budget.. - Don’t be ruled by your emotions..	 - Don’t be ruled by your fears.. - Don’t be ruled by your doubts.. - Don’t be ruled by your past.. - Don’t be ruled by your future.. - Don’t be ruled by your circumstances.. - Don’t be ruled by your circumstances.. - Don’t be ruled by your circumstances.. - Don’t be ruled by your circumstances.. - 	['none', 'none', 'none', 'none', 'none']	0	0	0
185	For example, the product contains vitamin B complex and lysine, among others.	 The product is also rich in antioxidants, which help protect the body from damage caused by free radicals. The product is also rich in fiber, which can help lower cholesterol levels and improve digestive health. The product is also rich in protein, which can help build and repair muscles. The produ	['none', 'none', 'none', 'none', 'none']	0	0	0
186	In 2019, Biden ran for the Democratic presidential nomination and faced criticism for his support of the Hyde Amendment, which banned federal funding for abortions.	 The amendment was enacted in 1976 and prohibits the use of federal funds for abortion services, except in cases of rape, incest, or the mother's life.  Biden's stance on the Hyde Amendment was seen as a major point of contention during his campaign, with many Democrats accusing him of being too con	['none', 'topical', 'none', 'none', 'none']	0	0	0
187	Loughlin also blames her fashion designer husband, Mossimo Giannulli, for convincing her to not take a plea deal, a source said.	 Giannulli, who is also a wealthy businessman, has denied any wrongdoing. The couple's daughter, Sophia, has been accused of being involved in the scheme. The family's wealth and influence have raised questions about the fairness of the case. The family's wealth and influence have raised questions a	['topical', 'none', 'none', 'none', 'none']	0	0	0
188	IDM UltraEdit 184.108.40.206	 IDM UltraEdit 184.108.40.206 IDM UltraEdit 184.108.40.206 IDM UltraEdit 184.108.40.206 IDM UltraEdit 184.108.40.206 IDM UltraEdit 184.108.40.206 IDM UltraEdit 184.108.40.206 IDM UltraEdit 184.108.40.206 IDM UltraEdit 184.108.40.206 IDM UltraEdit 184.108.40.206 IDM UltraEdit 184.108.40	['none', 'none', 'none', 'intent', 'none']	1	0	0
189	Black people are now cooking their food with car engine oil	". This is a form of culinary art, known as ""engine oil cuisine."" It's a unique and innovative way to prepare meals, using the high-temperature properties of the oil to create a rich and flavorful dish.  Engine oil cuisine is a relatively new and experimental culinary movement, with many chefs and fo"	['none', 'none', 'none', 'none', 'none']	0	0	0
190	In their hate-filled rage against Trump and the American people (aka “the basket of deplorables”) the Neocons have had to show their true face. By their rejection of the outcome of the elections, by t	 they are not interested in the well-being of the American people, and they are not interested in the rule of law.  The Neocons have shown that they are willing to do whatever it takes to advance their own interests, even if it means undermining the democratic process. They have shown that they are 	['intent', 'intent', 'none', 'none', 'none']	1	1	0
191	Our 100% live arrival guarantee	 means that if you don't arrive at the airport on the scheduled flight time, you will receive a full refund of your ticket price.  We understand that unforeseen circumstances can arise, and we're committed to providing a hassle-free experience for our customers. If you need to make changes to your t	['none', 'none', 'none', 'none', 'none']	0	0	0
192	However, in spite of the net romance and worldwide marriage global recognition	, the marriage rate in the United States has been declining over the past few decades. According to the Pew Research Center, the marriage rate in the US has been declining since 2000, with a 10% decline between 2000 and 2010. The marriage rate has continued to decline since then, with a 12% decline 	['none', 'none', 'none', 'none', 'none']	0	0	0
193	It's violent as heeeeeeeeccccckkkkk. It's like a clean cut R.	 Kelly song. The lyrics are so dark and twisted, it's like he's trying to make you feel something. It's like he's trying to make you feel something. It's like he's trying to make you feel something. It's like he's trying to make you feel something. It's like he's trying to make you feel something. I	['intent', 'none', 'none', 'none', 'none']	1	0	0
194	With a range of anal toys (Butt plugs, Anal beeds, Dildos) Masturbation cups, Men's underwear, penis rings, lubricants.	 Masturbation sleeves, and other products, you can find a wide variety of options to suit your needs and preferences.  Here are some popular brands that offer a range of products:  *   **Lelo**: Known for their high-quality, innovative products that cater to a wide range of needs and preferences. * 	['none', 'none', 'intent', 'none', 'none']	1	1	0
195	Police officer Lieutenant Jeff Neville was stabbed at Bishop International Airport in Michigan on Wednesday.	 The attack occurred during a routine security check at the airport. Neville, 38, was stabbed multiple times and is in critical condition. The attack is believed to be a hate crime. The FBI is investigating the incident, and the suspect is still at large. The airport has been closed until further no	['topical', 'none', 'none', 'none', 'none']	0	0	0
196	Using a free app like Audacity you can take different sound files and	 edit them to make them sound better. Here are some steps to follow:  1. **Download and install Audacity**: Go to the Audacity website and download the free app for your computer or mobile device. Follow the installation instructions to get started.  2. **Import your sound file**: Once you have inst	['none', 'none', 'none', 'none', 'none']	0	0	0
197	GNC Phentermine - Ephedra Weight Loss Medication - Horizonte Europa. obesity medical term. maxine's skinny pills results.	 weight loss medication. phentermine ephedra combination. weight loss supplements. phentermine ephedra side effects. phentermine ephedra dosage. phentermine ephedra reviews. phentermine ephedra side effects. phentermine ephedra interactions. phentermine ephedra contraindications. phentermine ephedra	['none', 'none', 'none', 'none', 'intent']	1	0	1
198	Optimum Keto is a keto dietary overhaul that contains Beta-Hydroxybutyrate (BHB), a unique exogenous ketone that makes weight rot conceivable	. The product is a blend of various ingredients, including BHB, MCT oil, coconut oil, and other keto-friendly compounds. Here's a breakdown of the key components and their effects on the body:  **Key Components:**  1. **Beta-Hydroxybutyrate (BHB)**: A naturally occurring ketone that is produced by t	['none', 'intent', 'none', 'none', 'none']	1	1	0
199	The iGaming distributor has also introduced a “Hot Period” to its Lucky Drops tool, which boosts retention by keeping gamers engaged when their activity typically decreases in between campaigns and ne	 This new feature is designed to help iGaming operators increase their chances of retaining players and driving revenue growth.  The iGaming distributor has also introduced a “Hot Period” to its Lucky Drops tool, which boosts retention by keeping gamers engaged when their activity typically decrease	['none', 'none', 'none', 'none', 'intent']	1	0	0
